county,precinct,office,district,candidate,party,votes
Warren,ALLAMUCHY 1,Registered Voters,,,,1459
Warren,ALLAMUCHY 2,Registered Voters,,,,890
Warren,ALLAMUCHY 3,Registered Voters,,,,709
Warren,ALLAMUCHY 4,Registered Voters,,,,1009
Warren,ALPHA 1,Registered Voters,,,,853
Warren,ALPHA 2,Registered Voters,,,,753
Warren,BELVIDERE 1,Registered Voters,,,,511
Warren,BELVIDERE 2,Registered Voters,,,,483
Warren,BELVIDERE 3,Registered Voters,,,,840
Warren,BLAIRSTOWN 1,Registered Voters,,,,994
Warren,BLAIRSTOWN 2,Registered Voters,,,,809
Warren,BLAIRSTOWN 3,Registered Voters,,,,837
Warren,BLAIRSTOWN 4,Registered Voters,,,,979
Warren,BLAIRSTOWN 5,Registered Voters,,,,939
Warren,FRANKLIN 1,Registered Voters,,,,760
Warren,FRANKLIN 2,Registered Voters,,,,928
Warren,FRANKLIN 3,Registered Voters,,,,607
Warren,FRELINGHUYSEN 1,Registered Voters,,,,859
Warren,FRELINGHUYSEN 2,Registered Voters,,,,840
Warren,GREENWICH 1,Registered Voters,,,,884
Warren,GREENWICH 2,Registered Voters,,,,1002
Warren,GREENWICH 3,Registered Voters,,,,963
Warren,GREENWICH 4,Registered Voters,,,,1285
Warren,HACKETTSTOWN 1,Registered Voters,,,,1027
Warren,HACKETTSTOWN 2,Registered Voters,,,,686
Warren,HACKETTSTOWN 3,Registered Voters,,,,761
Warren,HACKETTSTOWN 4,Registered Voters,,,,900
Warren,HACKETTSTOWN 5,Registered Voters,,,,790
Warren,HACKETTSTOWN 6,Registered Voters,,,,1193
Warren,HACKETTSTOWN 7,Registered Voters,,,,687
Warren,HARDWICK,Registered Voters,,,,1264
Warren,HARMONY 1,Registered Voters,,,,817
Warren,HARMONY 2,Registered Voters,,,,1139
Warren,HOPE 1,Registered Voters,,,,665
Warren,HOPE 2,Registered Voters,,,,783
Warren,INDEPENDENCE 1,Registered Voters,,,,1053
Warren,INDEPENDENCE 2,Registered Voters,,,,1072
Warren,INDEPENDENCE 3,Registered Voters,,,,1050
Warren,INDEPENDENCE 4,Registered Voters,,,,1027
Warren,KNOWLTON 1,Registered Voters,,,,1308
Warren,KNOWLTON 2,Registered Voters,,,,914
Warren,LIBERTY 1,Registered Voters,,,,884
Warren,LIBERTY 2,Registered Voters,,,,1191
Warren,LOPATCONG 1,Registered Voters,,,,817
Warren,LOPATCONG 2,Registered Voters,,,,817
Warren,LOPATCONG 3,Registered Voters,,,,1010
Warren,LOPATCONG 4,Registered Voters,,,,857
Warren,LOPATCONG 5,Registered Voters,,,,703
Warren,LOPATCONG 6,Registered Voters,,,,993
Warren,LOPATCONG 7,Registered Voters,,,,1115
Warren,MANSFIELD 1,Registered Voters,,,,966
Warren,MANSFIELD 2,Registered Voters,,,,587
Warren,MANSFIELD 3,Registered Voters,,,,822
Warren,MANSFIELD 4,Registered Voters,,,,761
Warren,MANSFIELD 5,Registered Voters,,,,991
Warren,MANSFIELD 6,Registered Voters,,,,1025
Warren,OXFORD 1,Registered Voters,,,,734
Warren,OXFORD 2,Registered Voters,,,,891
Warren,PHILLIPSBURG 1-1,Registered Voters,,,,905
Warren,PHILLIPSBURG 2-1,Registered Voters,,,,799
Warren,PHILLIPSBURG 3-1,Registered Voters,,,,738
Warren,PHILLIPSBURG 4-1,Registered Voters,,,,944
Warren,PHILLIPSBURG 5-1,Registered Voters,,,,803
Warren,PHILLIPSBURG 5-2,Registered Voters,,,,729
Warren,PHILLIPSBURG 6-1,Registered Voters,,,,889
Warren,PHILLIPSBURG 6-2,Registered Voters,,,,816
Warren,PHILLIPSBURG 7-1,Registered Voters,,,,705
Warren,PHILLIPSBURG 7-2,Registered Voters,,,,587
Warren,PHILLIPSBURG 7-3,Registered Voters,,,,533
Warren,POHATCONG 1,Registered Voters,,,,631
Warren,POHATCONG 2,Registered Voters,,,,675
Warren,POHATCONG 3,Registered Voters,,,,523
Warren,POHATCONG 4,Registered Voters,,,,520
Warren,WASHINGTON BOROUGH 1,Registered Voters,,,,962
Warren,WASHINGTON BOROUGH 2,Registered Voters,,,,1457
Warren,WASHINGTON BOROUGH 3,Registered Voters,,,,1136
Warren,WASHINGTON BOROUGH 4,Registered Voters,,,,965
Warren,WASHINGTON TOWNSHIP 1,Registered Voters,,,,629
Warren,WASHINGTON TOWNSHIP 2,Registered Voters,,,,701
Warren,WASHINGTON TOWNSHIP 3,Registered Voters,,,,1068
Warren,WASHINGTON TOWNSHIP 4,Registered Voters,,,,668
Warren,WASHINGTON TOWNSHIP 5,Registered Voters,,,,1226
Warren,WASHINGTON TOWNSHIP 6,Registered Voters,,,,700
Warren,WHITE 1,Registered Voters,,,,374
Warren,WHITE 2,Registered Voters,,,,650
Warren,WHITE 3,Registered Voters,,,,677
Warren,WHITE 4,Registered Voters,,,,581
Warren,WHITE 5,Registered Voters,,,,725
Warren,WHITE 6,Registered Voters,,,,606
Warren,TOTAL,Registered Voters,,,,76415
Warren,ALLAMUCHY 1,Ballots Cast,,,,857
Warren,ALLAMUCHY 2,Ballots Cast,,,,540
Warren,ALLAMUCHY 3,Ballots Cast,,,,404
Warren,ALLAMUCHY 4,Ballots Cast,,,,531
Warren,ALPHA 1,Ballots Cast,,,,480
Warren,ALPHA 2,Ballots Cast,,,,424
Warren,BELVIDERE 1,Ballots Cast,,,,261
Warren,BELVIDERE 2,Ballots Cast,,,,253
Warren,BELVIDERE 3,Ballots Cast,,,,529
Warren,BLAIRSTOWN 1,Ballots Cast,,,,577
Warren,BLAIRSTOWN 2,Ballots Cast,,,,484
Warren,BLAIRSTOWN 3,Ballots Cast,,,,450
Warren,BLAIRSTOWN 4,Ballots Cast,,,,588
Warren,BLAIRSTOWN 5,Ballots Cast,,,,538
Warren,FRANKLIN 1,Ballots Cast,,,,438
Warren,FRANKLIN 2,Ballots Cast,,,,538
Warren,FRANKLIN 3,Ballots Cast,,,,332
Warren,FRELINGHUYSEN 1,Ballots Cast,,,,495
Warren,FRELINGHUYSEN 2,Ballots Cast,,,,496
Warren,GREENWICH 1,Ballots Cast,,,,510
Warren,GREENWICH 2,Ballots Cast,,,,584
Warren,GREENWICH 3,Ballots Cast,,,,511
Warren,GREENWICH 4,Ballots Cast,,,,645
Warren,HACKETTSTOWN 1,Ballots Cast,,,,550
Warren,HACKETTSTOWN 2,Ballots Cast,,,,382
Warren,HACKETTSTOWN 3,Ballots Cast,,,,444
Warren,HACKETTSTOWN 4,Ballots Cast,,,,518
Warren,HACKETTSTOWN 5,Ballots Cast,,,,435
Warren,HACKETTSTOWN 6,Ballots Cast,,,,640
Warren,HACKETTSTOWN 7,Ballots Cast,,,,358
Warren,HARDWICK,Ballots Cast,,,,753
Warren,HARMONY 1,Ballots Cast,,,,474
Warren,HARMONY 2,Ballots Cast,,,,638
Warren,HOPE 1,Ballots Cast,,,,391
Warren,HOPE 2,Ballots Cast,,,,478
Warren,INDEPENDENCE 1,Ballots Cast,,,,628
Warren,INDEPENDENCE 2,Ballots Cast,,,,555
Warren,INDEPENDENCE 3,Ballots Cast,,,,608
Warren,INDEPENDENCE 4,Ballots Cast,,,,576
Warren,KNOWLTON 1,Ballots Cast,,,,717
Warren,KNOWLTON 2,Ballots Cast,,,,498
Warren,LIBERTY 1,Ballots Cast,,,,501
Warren,LIBERTY 2,Ballots Cast,,,,671
Warren,LOPATCONG 1,Ballots Cast,,,,424
Warren,LOPATCONG 2,Ballots Cast,,,,475
Warren,LOPATCONG 3,Ballots Cast,,,,615
Warren,LOPATCONG 4,Ballots Cast,,,,472
Warren,LOPATCONG 5,Ballots Cast,,,,395
Warren,LOPATCONG 6,Ballots Cast,,,,432
Warren,LOPATCONG 7,Ballots Cast,,,,609
Warren,MANSFIELD 1,Ballots Cast,,,,510
Warren,MANSFIELD 2,Ballots Cast,,,,332
Warren,MANSFIELD 3,Ballots Cast,,,,452
Warren,MANSFIELD 4,Ballots Cast,,,,458
Warren,MANSFIELD 5,Ballots Cast,,,,479
Warren,MANSFIELD 6,Ballots Cast,,,,430
Warren,OXFORD 1,Ballots Cast,,,,367
Warren,OXFORD 2,Ballots Cast,,,,523
Warren,PHILLIPSBURG 1-1,Ballots Cast,,,,368
Warren,PHILLIPSBURG 2-1,Ballots Cast,,,,265
Warren,PHILLIPSBURG 3-1,Ballots Cast,,,,278
Warren,PHILLIPSBURG 4-1,Ballots Cast,,,,436
Warren,PHILLIPSBURG 5-1,Ballots Cast,,,,344
Warren,PHILLIPSBURG 5-2,Ballots Cast,,,,318
Warren,PHILLIPSBURG 6-1,Ballots Cast,,,,542
Warren,PHILLIPSBURG 6-2,Ballots Cast,,,,401
Warren,PHILLIPSBURG 7-1,Ballots Cast,,,,315
Warren,PHILLIPSBURG 7-2,Ballots Cast,,,,286
Warren,PHILLIPSBURG 7-3,Ballots Cast,,,,279
Warren,POHATCONG 1,Ballots Cast,,,,334
Warren,POHATCONG 2,Ballots Cast,,,,365
Warren,POHATCONG 3,Ballots Cast,,,,278
Warren,POHATCONG 4,Ballots Cast,,,,300
Warren,WASHINGTON BOROUGH 1,Ballots Cast,,,,506
Warren,WASHINGTON BOROUGH 2,Ballots Cast,,,,683
Warren,WASHINGTON BOROUGH 3,Ballots Cast,,,,557
Warren,WASHINGTON BOROUGH 4,Ballots Cast,,,,455
Warren,WASHINGTON TOWNSHIP 1,Ballots Cast,,,,351
Warren,WASHINGTON TOWNSHIP 2,Ballots Cast,,,,395
Warren,WASHINGTON TOWNSHIP 3,Ballots Cast,,,,607
Warren,WASHINGTON TOWNSHIP 4,Ballots Cast,,,,342
Warren,WASHINGTON TOWNSHIP 5,Ballots Cast,,,,734
Warren,WASHINGTON TOWNSHIP 6,Ballots Cast,,,,406
Warren,WHITE 1,Ballots Cast,,,,218
Warren,WHITE 2,Ballots Cast,,,,457
Warren,WHITE 3,Ballots Cast,,,,397
Warren,WHITE 4,Ballots Cast,,,,347
Warren,WHITE 5,Ballots Cast,,,,412
Warren,WHITE 6,Ballots Cast,,,,346
Warren,TOTAL,Ballots Cast,,,,41575
Warren,ALLAMUCHY 1,U.S.Senate,,Robert MENENDEZ,,343
Warren,ALLAMUCHY 2,U.S.Senate,,Robert MENENDEZ,,195
Warren,ALLAMUCHY 3,U.S.Senate,,Robert MENENDEZ,,148
Warren,ALLAMUCHY 4,U.S.Senate,,Robert MENENDEZ,,152
Warren,ALPHA 1,U.S.Senate,,Robert MENENDEZ,,167
Warren,ALPHA 2,U.S.Senate,,Robert MENENDEZ,,140
Warren,BELVIDERE 1,U.S.Senate,,Robert MENENDEZ,,90
Warren,BELVIDERE 2,U.S.Senate,,Robert MENENDEZ,,94
Warren,BELVIDERE 3,U.S.Senate,,Robert MENENDEZ,,160
Warren,BLAIRSTOWN 1,U.S.Senate,,Robert MENENDEZ,,253
Warren,BLAIRSTOWN 2,U.S.Senate,,Robert MENENDEZ,,168
Warren,BLAIRSTOWN 3,U.S.Senate,,Robert MENENDEZ,,108
Warren,BLAIRSTOWN 4,U.S.Senate,,Robert MENENDEZ,,154
Warren,BLAIRSTOWN 5,U.S.Senate,,Robert MENENDEZ,,165
Warren,FRANKLIN 1,U.S.Senate,,Robert MENENDEZ,,122
Warren,FRANKLIN 2,U.S.Senate,,Robert MENENDEZ,,147
Warren,FRANKLIN 3,U.S.Senate,,Robert MENENDEZ,,73
Warren,FRELINGHUYSEN 1,U.S.Senate,,Robert MENENDEZ,,144
Warren,FRELINGHUYSEN 2,U.S.Senate,,Robert MENENDEZ,,121
Warren,GREENWICH 1,U.S.Senate,,Robert MENENDEZ,,162
Warren,GREENWICH 2,U.S.Senate,,Robert MENENDEZ,,173
Warren,GREENWICH 3,U.S.Senate,,Robert MENENDEZ,,192
Warren,GREENWICH 4,U.S.Senate,,Robert MENENDEZ,,315
Warren,HACKETTSTOWN 1,U.S.Senate,,Robert MENENDEZ,,235
Warren,HACKETTSTOWN 2,U.S.Senate,,Robert MENENDEZ,,152
Warren,HACKETTSTOWN 3,U.S.Senate,,Robert MENENDEZ,,155
Warren,HACKETTSTOWN 4,U.S.Senate,,Robert MENENDEZ,,207
Warren,HACKETTSTOWN 5,U.S.Senate,,Robert MENENDEZ,,152
Warren,HACKETTSTOWN 6,U.S.Senate,,Robert MENENDEZ,,267
Warren,HACKETTSTOWN 7,U.S.Senate,,Robert MENENDEZ,,138
Warren,HARDWICK,U.S.Senate,,Robert MENENDEZ,,252
Warren,HARMONY 1,U.S.Senate,,Robert MENENDEZ,,131
Warren,HARMONY 2,U.S.Senate,,Robert MENENDEZ,,162
Warren,HOPE 1,U.S.Senate,,Robert MENENDEZ,,126
Warren,HOPE 2,U.S.Senate,,Robert MENENDEZ,,127
Warren,INDEPENDENCE 1,U.S.Senate,,Robert MENENDEZ,,225
Warren,INDEPENDENCE 2,U.S.Senate,,Robert MENENDEZ,,251
Warren,INDEPENDENCE 3,U.S.Senate,,Robert MENENDEZ,,221
Warren,INDEPENDENCE 4,U.S.Senate,,Robert MENENDEZ,,174
Warren,KNOWLTON 1,U.S.Senate,,Robert MENENDEZ,,215
Warren,KNOWLTON 2,U.S.Senate,,Robert MENENDEZ,,130
Warren,LIBERTY 1,U.S.Senate,,Robert MENENDEZ,,155
Warren,LIBERTY 2,U.S.Senate,,Robert MENENDEZ,,192
Warren,LOPATCONG 1,U.S.Senate,,Robert MENENDEZ,,131
Warren,LOPATCONG 2,U.S.Senate,,Robert MENENDEZ,,178
Warren,LOPATCONG 3,U.S.Senate,,Robert MENENDEZ,,214
Warren,LOPATCONG 4,U.S.Senate,,Robert MENENDEZ,,209
Warren,LOPATCONG 5,U.S.Senate,,Robert MENENDEZ,,105
Warren,LOPATCONG 6,U.S.Senate,,Robert MENENDEZ,,248
Warren,LOPATCONG 7,U.S.Senate,,Robert MENENDEZ,,243
Warren,MANSFIELD 1,U.S.Senate,,Robert MENENDEZ,,131
Warren,MANSFIELD 2,U.S.Senate,,Robert MENENDEZ,,119
Warren,MANSFIELD 3,U.S.Senate,,Robert MENENDEZ,,119
Warren,MANSFIELD 4,U.S.Senate,,Robert MENENDEZ,,131
Warren,MANSFIELD 5,U.S.Senate,,Robert MENENDEZ,,187
Warren,MANSFIELD 6,U.S.Senate,,Robert MENENDEZ,,224
Warren,OXFORD 1,U.S.Senate,,Robert MENENDEZ,,97
Warren,OXFORD 2,U.S.Senate,,Robert MENENDEZ,,172
Warren,PHILLIPSBURG 1-1,U.S.Senate,,Robert MENENDEZ,,161
Warren,PHILLIPSBURG 2-1,U.S.Senate,,Robert MENENDEZ,,134
Warren,PHILLIPSBURG 3-1,U.S.Senate,,Robert MENENDEZ,,125
Warren,PHILLIPSBURG 4-1,U.S.Senate,,Robert MENENDEZ,,178
Warren,PHILLIPSBURG 5-1,U.S.Senate,,Robert MENENDEZ,,154
Warren,PHILLIPSBURG 5-2,U.S.Senate,,Robert MENENDEZ,,139
Warren,PHILLIPSBURG 6-1,U.S.Senate,,Robert MENENDEZ,,228
Warren,PHILLIPSBURG 6-2,U.S.Senate,,Robert MENENDEZ,,198
Warren,PHILLIPSBURG 7-1,U.S.Senate,,Robert MENENDEZ,,161
Warren,PHILLIPSBURG 7-2,U.S.Senate,,Robert MENENDEZ,,112
Warren,PHILLIPSBURG 7-3,U.S.Senate,,Robert MENENDEZ,,123
Warren,POHATCONG 1,U.S.Senate,,Robert MENENDEZ,,119
Warren,POHATCONG 2,U.S.Senate,,Robert MENENDEZ,,112
Warren,POHATCONG 3,U.S.Senate,,Robert MENENDEZ,,89
Warren,POHATCONG 4,U.S.Senate,,Robert MENENDEZ,,97
Warren,WASHINGTON BOROUGH 1,U.S.Senate,,Robert MENENDEZ,,158
Warren,WASHINGTON BOROUGH 2,U.S.Senate,,Robert MENENDEZ,,294
Warren,WASHINGTON BOROUGH 3,U.S.Senate,,Robert MENENDEZ,,264
Warren,WASHINGTON BOROUGH 4,U.S.Senate,,Robert MENENDEZ,,190
Warren,WASHINGTON TOWNSHIP 1,U.S.Senate,,Robert MENENDEZ,,101
Warren,WASHINGTON TOWNSHIP 2,U.S.Senate,,Robert MENENDEZ,,121
Warren,WASHINGTON TOWNSHIP 3,U.S.Senate,,Robert MENENDEZ,,204
Warren,WASHINGTON TOWNSHIP 4,U.S.Senate,,Robert MENENDEZ,,101
Warren,WASHINGTON TOWNSHIP 5,U.S.Senate,,Robert MENENDEZ,,239
Warren,WASHINGTON TOWNSHIP 6,U.S.Senate,,Robert MENENDEZ,,112
Warren,WHITE 1,U.S.Senate,,Robert MENENDEZ,,60
Warren,WHITE 2,U.S.Senate,,Robert MENENDEZ,,109
Warren,WHITE 3,U.S.Senate,,Robert MENENDEZ,,107
Warren,WHITE 4,U.S.Senate,,Robert MENENDEZ,,93
Warren,WHITE 5,U.S.Senate,,Robert MENENDEZ,,124
Warren,WHITE 6,U.S.Senate,,Robert MENENDEZ,,84
Warren,TOTAL,U.S.Senate,,Robert MENENDEZ,,14452
Warren,ALLAMUCHY 1,U.S.Senate,,Bob HUGIN,,470
Warren,ALLAMUCHY 2,U.S.Senate,,Bob HUGIN,,315
Warren,ALLAMUCHY 3,U.S.Senate,,Bob HUGIN,,235
Warren,ALLAMUCHY 4,U.S.Senate,,Bob HUGIN,,359
Warren,ALPHA 1,U.S.Senate,,Bob HUGIN,,267
Warren,ALPHA 2,U.S.Senate,,Bob HUGIN,,247
Warren,BELVIDERE 1,U.S.Senate,,Bob HUGIN,,142
Warren,BELVIDERE 2,U.S.Senate,,Bob HUGIN,,145
Warren,BELVIDERE 3,U.S.Senate,,Bob HUGIN,,319
Warren,BLAIRSTOWN 1,U.S.Senate,,Bob HUGIN,,287
Warren,BLAIRSTOWN 2,U.S.Senate,,Bob HUGIN,,290
Warren,BLAIRSTOWN 3,U.S.Senate,,Bob HUGIN,,317
Warren,BLAIRSTOWN 4,U.S.Senate,,Bob HUGIN,,400
Warren,BLAIRSTOWN 5,U.S.Senate,,Bob HUGIN,,344
Warren,FRANKLIN 1,U.S.Senate,,Bob HUGIN,,283
Warren,FRANKLIN 2,U.S.Senate,,Bob HUGIN,,366
Warren,FRANKLIN 3,U.S.Senate,,Bob HUGIN,,247
Warren,FRELINGHUYSEN 1,U.S.Senate,,Bob HUGIN,,316
Warren,FRELINGHUYSEN 2,U.S.Senate,,Bob HUGIN,,340
Warren,GREENWICH 1,U.S.Senate,,Bob HUGIN,,317
Warren,GREENWICH 2,U.S.Senate,,Bob HUGIN,,386
Warren,GREENWICH 3,U.S.Senate,,Bob HUGIN,,288
Warren,GREENWICH 4,U.S.Senate,,Bob HUGIN,,289
Warren,HACKETTSTOWN 1,U.S.Senate,,Bob HUGIN,,272
Warren,HACKETTSTOWN 2,U.S.Senate,,Bob HUGIN,,213
Warren,HACKETTSTOWN 3,U.S.Senate,,Bob HUGIN,,259
Warren,HACKETTSTOWN 4,U.S.Senate,,Bob HUGIN,,275
Warren,HACKETTSTOWN 5,U.S.Senate,,Bob HUGIN,,256
Warren,HACKETTSTOWN 6,U.S.Senate,,Bob HUGIN,,323
Warren,HACKETTSTOWN 7,U.S.Senate,,Bob HUGIN,,201
Warren,HARDWICK,U.S.Senate,,Bob HUGIN,,456
Warren,HARMONY 1,U.S.Senate,,Bob HUGIN,,302
Warren,HARMONY 2,U.S.Senate,,Bob HUGIN,,421
Warren,HOPE 1,U.S.Senate,,Bob HUGIN,,238
Warren,HOPE 2,U.S.Senate,,Bob HUGIN,,319
Warren,INDEPENDENCE 1,U.S.Senate,,Bob HUGIN,,375
Warren,INDEPENDENCE 2,U.S.Senate,,Bob HUGIN,,266
Warren,INDEPENDENCE 3,U.S.Senate,,Bob HUGIN,,365
Warren,INDEPENDENCE 4,U.S.Senate,,Bob HUGIN,,366
Warren,KNOWLTON 1,U.S.Senate,,Bob HUGIN,,469
Warren,KNOWLTON 2,U.S.Senate,,Bob HUGIN,,335
Warren,LIBERTY 1,U.S.Senate,,Bob HUGIN,,310
Warren,LIBERTY 2,U.S.Senate,,Bob HUGIN,,445
Warren,LOPATCONG 1,U.S.Senate,,Bob HUGIN,,263
Warren,LOPATCONG 2,U.S.Senate,,Bob HUGIN,,269
Warren,LOPATCONG 3,U.S.Senate,,Bob HUGIN,,360
Warren,LOPATCONG 4,U.S.Senate,,Bob HUGIN,,241
Warren,LOPATCONG 5,U.S.Senate,,Bob HUGIN,,269
Warren,LOPATCONG 6,U.S.Senate,,Bob HUGIN,,164
Warren,LOPATCONG 7,U.S.Senate,,Bob HUGIN,,320
Warren,MANSFIELD 1,U.S.Senate,,Bob HUGIN,,344
Warren,MANSFIELD 2,U.S.Senate,,Bob HUGIN,,200
Warren,MANSFIELD 3,U.S.Senate,,Bob HUGIN,,308
Warren,MANSFIELD 4,U.S.Senate,,Bob HUGIN,,302
Warren,MANSFIELD 5,U.S.Senate,,Bob HUGIN,,257
Warren,MANSFIELD 6,U.S.Senate,,Bob HUGIN,,174
Warren,OXFORD 1,U.S.Senate,,Bob HUGIN,,248
Warren,OXFORD 2,U.S.Senate,,Bob HUGIN,,318
Warren,PHILLIPSBURG 1-1,U.S.Senate,,Bob HUGIN,,178
Warren,PHILLIPSBURG 2-1,U.S.Senate,,Bob HUGIN,,95
Warren,PHILLIPSBURG 3-1,U.S.Senate,,Bob HUGIN,,128
Warren,PHILLIPSBURG 4-1,U.S.Senate,,Bob HUGIN,,213
Warren,PHILLIPSBURG 5-1,U.S.Senate,,Bob HUGIN,,161
Warren,PHILLIPSBURG 5-2,U.S.Senate,,Bob HUGIN,,147
Warren,PHILLIPSBURG 6-1,U.S.Senate,,Bob HUGIN,,258
Warren,PHILLIPSBURG 6-2,U.S.Senate,,Bob HUGIN,,161
Warren,PHILLIPSBURG 7-1,U.S.Senate,,Bob HUGIN,,117
Warren,PHILLIPSBURG 7-2,U.S.Senate,,Bob HUGIN,,141
Warren,PHILLIPSBURG 7-3,U.S.Senate,,Bob HUGIN,,128
Warren,POHATCONG 1,U.S.Senate,,Bob HUGIN,,190
Warren,POHATCONG 2,U.S.Senate,,Bob HUGIN,,233
Warren,POHATCONG 3,U.S.Senate,,Bob HUGIN,,169
Warren,POHATCONG 4,U.S.Senate,,Bob HUGIN,,179
Warren,WASHINGTON BOROUGH 1,U.S.Senate,,Bob HUGIN,,312
Warren,WASHINGTON BOROUGH 2,U.S.Senate,,Bob HUGIN,,329
Warren,WASHINGTON BOROUGH 3,U.S.Senate,,Bob HUGIN,,256
Warren,WASHINGTON BOROUGH 4,U.S.Senate,,Bob HUGIN,,239
Warren,WASHINGTON TOWNSHIP 1,U.S.Senate,,Bob HUGIN,,221
Warren,WASHINGTON TOWNSHIP 2,U.S.Senate,,Bob HUGIN,,251
Warren,WASHINGTON TOWNSHIP 3,U.S.Senate,,Bob HUGIN,,362
Warren,WASHINGTON TOWNSHIP 4,U.S.Senate,,Bob HUGIN,,221
Warren,WASHINGTON TOWNSHIP 5,U.S.Senate,,Bob HUGIN,,458
Warren,WASHINGTON TOWNSHIP 6,U.S.Senate,,Bob HUGIN,,273
Warren,WHITE 1,U.S.Senate,,Bob HUGIN,,143
Warren,WHITE 2,U.S.Senate,,Bob HUGIN,,324
Warren,WHITE 3,U.S.Senate,,Bob HUGIN,,265
Warren,WHITE 4,U.S.Senate,,Bob HUGIN,,226
Warren,WHITE 5,U.S.Senate,,Bob HUGIN,,271
Warren,WHITE 6,U.S.Senate,,Bob HUGIN,,236
Warren,TOTAL,U.S.Senate,,Bob HUGIN,,24357
Warren,ALLAMUCHY 1,U.S.Senate,,Hank SCHROEDER,,4
Warren,ALLAMUCHY 2,U.S.Senate,,Hank SCHROEDER,,1
Warren,ALLAMUCHY 3,U.S.Senate,,Hank SCHROEDER,,0
Warren,ALLAMUCHY 4,U.S.Senate,,Hank SCHROEDER,,2
Warren,ALPHA 1,U.S.Senate,,Hank SCHROEDER,,2
Warren,ALPHA 2,U.S.Senate,,Hank SCHROEDER,,3
Warren,BELVIDERE 1,U.S.Senate,,Hank SCHROEDER,,6
Warren,BELVIDERE 2,U.S.Senate,,Hank SCHROEDER,,1
Warren,BELVIDERE 3,U.S.Senate,,Hank SCHROEDER,,2
Warren,BLAIRSTOWN 1,U.S.Senate,,Hank SCHROEDER,,1
Warren,BLAIRSTOWN 2,U.S.Senate,,Hank SCHROEDER,,2
Warren,BLAIRSTOWN 3,U.S.Senate,,Hank SCHROEDER,,2
Warren,BLAIRSTOWN 4,U.S.Senate,,Hank SCHROEDER,,0
Warren,BLAIRSTOWN 5,U.S.Senate,,Hank SCHROEDER,,1
Warren,FRANKLIN 1,U.S.Senate,,Hank SCHROEDER,,4
Warren,FRANKLIN 2,U.S.Senate,,Hank SCHROEDER,,4
Warren,FRANKLIN 3,U.S.Senate,,Hank SCHROEDER,,1
Warren,FRELINGHUYSEN 1,U.S.Senate,,Hank SCHROEDER,,1
Warren,FRELINGHUYSEN 2,U.S.Senate,,Hank SCHROEDER,,2
Warren,GREENWICH 1,U.S.Senate,,Hank SCHROEDER,,2
Warren,GREENWICH 2,U.S.Senate,,Hank SCHROEDER,,3
Warren,GREENWICH 3,U.S.Senate,,Hank SCHROEDER,,2
Warren,GREENWICH 4,U.S.Senate,,Hank SCHROEDER,,2
Warren,HACKETTSTOWN 1,U.S.Senate,,Hank SCHROEDER,,3
Warren,HACKETTSTOWN 2,U.S.Senate,,Hank SCHROEDER,,1
Warren,HACKETTSTOWN 3,U.S.Senate,,Hank SCHROEDER,,1
Warren,HACKETTSTOWN 4,U.S.Senate,,Hank SCHROEDER,,5
Warren,HACKETTSTOWN 5,U.S.Senate,,Hank SCHROEDER,,4
Warren,HACKETTSTOWN 6,U.S.Senate,,Hank SCHROEDER,,6
Warren,HACKETTSTOWN 7,U.S.Senate,,Hank SCHROEDER,,1
Warren,HARDWICK,U.S.Senate,,Hank SCHROEDER,,3
Warren,HARMONY 1,U.S.Senate,,Hank SCHROEDER,,3
Warren,HARMONY 2,U.S.Senate,,Hank SCHROEDER,,7
Warren,HOPE 1,U.S.Senate,,Hank SCHROEDER,,3
Warren,HOPE 2,U.S.Senate,,Hank SCHROEDER,,0
Warren,INDEPENDENCE 1,U.S.Senate,,Hank SCHROEDER,,1
Warren,INDEPENDENCE 2,U.S.Senate,,Hank SCHROEDER,,3
Warren,INDEPENDENCE 3,U.S.Senate,,Hank SCHROEDER,,0
Warren,INDEPENDENCE 4,U.S.Senate,,Hank SCHROEDER,,4
Warren,KNOWLTON 1,U.S.Senate,,Hank SCHROEDER,,4
Warren,KNOWLTON 2,U.S.Senate,,Hank SCHROEDER,,3
Warren,LIBERTY 1,U.S.Senate,,Hank SCHROEDER,,7
Warren,LIBERTY 2,U.S.Senate,,Hank SCHROEDER,,2
Warren,LOPATCONG 1,U.S.Senate,,Hank SCHROEDER,,1
Warren,LOPATCONG 2,U.S.Senate,,Hank SCHROEDER,,2
Warren,LOPATCONG 3,U.S.Senate,,Hank SCHROEDER,,3
Warren,LOPATCONG 4,U.S.Senate,,Hank SCHROEDER,,3
Warren,LOPATCONG 5,U.S.Senate,,Hank SCHROEDER,,3
Warren,LOPATCONG 6,U.S.Senate,,Hank SCHROEDER,,1
Warren,LOPATCONG 7,U.S.Senate,,Hank SCHROEDER,,3
Warren,MANSFIELD 1,U.S.Senate,,Hank SCHROEDER,,1
Warren,MANSFIELD 2,U.S.Senate,,Hank SCHROEDER,,1
Warren,MANSFIELD 3,U.S.Senate,,Hank SCHROEDER,,3
Warren,MANSFIELD 4,U.S.Senate,,Hank SCHROEDER,,0
Warren,MANSFIELD 5,U.S.Senate,,Hank SCHROEDER,,1
Warren,MANSFIELD 6,U.S.Senate,,Hank SCHROEDER,,3
Warren,OXFORD 1,U.S.Senate,,Hank SCHROEDER,,1
Warren,OXFORD 2,U.S.Senate,,Hank SCHROEDER,,2
Warren,PHILLIPSBURG 1-1,U.S.Senate,,Hank SCHROEDER,,4
Warren,PHILLIPSBURG 2-1,U.S.Senate,,Hank SCHROEDER,,4
Warren,PHILLIPSBURG 3-1,U.S.Senate,,Hank SCHROEDER,,3
Warren,PHILLIPSBURG 4-1,U.S.Senate,,Hank SCHROEDER,,5
Warren,PHILLIPSBURG 5-1,U.S.Senate,,Hank SCHROEDER,,3
Warren,PHILLIPSBURG 5-2,U.S.Senate,,Hank SCHROEDER,,2
Warren,PHILLIPSBURG 6-1,U.S.Senate,,Hank SCHROEDER,,2
Warren,PHILLIPSBURG 6-2,U.S.Senate,,Hank SCHROEDER,,8
Warren,PHILLIPSBURG 7-1,U.S.Senate,,Hank SCHROEDER,,3
Warren,PHILLIPSBURG 7-2,U.S.Senate,,Hank SCHROEDER,,2
Warren,PHILLIPSBURG 7-3,U.S.Senate,,Hank SCHROEDER,,1
Warren,POHATCONG 1,U.S.Senate,,Hank SCHROEDER,,4
Warren,POHATCONG 2,U.S.Senate,,Hank SCHROEDER,,1
Warren,POHATCONG 3,U.S.Senate,,Hank SCHROEDER,,0
Warren,POHATCONG 4,U.S.Senate,,Hank SCHROEDER,,4
Warren,WASHINGTON BOROUGH 1,U.S.Senate,,Hank SCHROEDER,,3
Warren,WASHINGTON BOROUGH 2,U.S.Senate,,Hank SCHROEDER,,8
Warren,WASHINGTON BOROUGH 3,U.S.Senate,,Hank SCHROEDER,,5
Warren,WASHINGTON BOROUGH 4,U.S.Senate,,Hank SCHROEDER,,2
Warren,WASHINGTON TOWNSHIP 1,U.S.Senate,,Hank SCHROEDER,,3
Warren,WASHINGTON TOWNSHIP 2,U.S.Senate,,Hank SCHROEDER,,1
Warren,WASHINGTON TOWNSHIP 3,U.S.Senate,,Hank SCHROEDER,,4
Warren,WASHINGTON TOWNSHIP 4,U.S.Senate,,Hank SCHROEDER,,1
Warren,WASHINGTON TOWNSHIP 5,U.S.Senate,,Hank SCHROEDER,,1
Warren,WASHINGTON TOWNSHIP 6,U.S.Senate,,Hank SCHROEDER,,2
Warren,WHITE 1,U.S.Senate,,Hank SCHROEDER,,2
Warren,WHITE 2,U.S.Senate,,Hank SCHROEDER,,0
Warren,WHITE 3,U.S.Senate,,Hank SCHROEDER,,1
Warren,WHITE 4,U.S.Senate,,Hank SCHROEDER,,0
Warren,WHITE 5,U.S.Senate,,Hank SCHROEDER,,2
Warren,WHITE 6,U.S.Senate,,Hank SCHROEDER,,2
Warren,TOTAL,U.S.Senate,,Hank SCHROEDER,,220
Warren,ALLAMUCHY 1,U.S.Senate,,Tricia FLANAGAN,,12
Warren,ALLAMUCHY 2,U.S.Senate,,Tricia FLANAGAN,,3
Warren,ALLAMUCHY 3,U.S.Senate,,Tricia FLANAGAN,,4
Warren,ALLAMUCHY 4,U.S.Senate,,Tricia FLANAGAN,,3
Warren,ALPHA 1,U.S.Senate,,Tricia FLANAGAN,,6
Warren,ALPHA 2,U.S.Senate,,Tricia FLANAGAN,,1
Warren,BELVIDERE 1,U.S.Senate,,Tricia FLANAGAN,,1
Warren,BELVIDERE 2,U.S.Senate,,Tricia FLANAGAN,,0
Warren,BELVIDERE 3,U.S.Senate,,Tricia FLANAGAN,,4
Warren,BLAIRSTOWN 1,U.S.Senate,,Tricia FLANAGAN,,3
Warren,BLAIRSTOWN 2,U.S.Senate,,Tricia FLANAGAN,,6
Warren,BLAIRSTOWN 3,U.S.Senate,,Tricia FLANAGAN,,4
Warren,BLAIRSTOWN 4,U.S.Senate,,Tricia FLANAGAN,,7
Warren,BLAIRSTOWN 5,U.S.Senate,,Tricia FLANAGAN,,5
Warren,FRANKLIN 1,U.S.Senate,,Tricia FLANAGAN,,4
Warren,FRANKLIN 2,U.S.Senate,,Tricia FLANAGAN,,3
Warren,FRANKLIN 3,U.S.Senate,,Tricia FLANAGAN,,0
Warren,FRELINGHUYSEN 1,U.S.Senate,,Tricia FLANAGAN,,8
Warren,FRELINGHUYSEN 2,U.S.Senate,,Tricia FLANAGAN,,4
Warren,GREENWICH 1,U.S.Senate,,Tricia FLANAGAN,,2
Warren,GREENWICH 2,U.S.Senate,,Tricia FLANAGAN,,4
Warren,GREENWICH 3,U.S.Senate,,Tricia FLANAGAN,,2
Warren,GREENWICH 4,U.S.Senate,,Tricia FLANAGAN,,6
Warren,HACKETTSTOWN 1,U.S.Senate,,Tricia FLANAGAN,,1
Warren,HACKETTSTOWN 2,U.S.Senate,,Tricia FLANAGAN,,0
Warren,HACKETTSTOWN 3,U.S.Senate,,Tricia FLANAGAN,,5
Warren,HACKETTSTOWN 4,U.S.Senate,,Tricia FLANAGAN,,3
Warren,HACKETTSTOWN 5,U.S.Senate,,Tricia FLANAGAN,,4
Warren,HACKETTSTOWN 6,U.S.Senate,,Tricia FLANAGAN,,3
Warren,HACKETTSTOWN 7,U.S.Senate,,Tricia FLANAGAN,,4
Warren,HARDWICK,U.S.Senate,,Tricia FLANAGAN,,7
Warren,HARMONY 1,U.S.Senate,,Tricia FLANAGAN,,8
Warren,HARMONY 2,U.S.Senate,,Tricia FLANAGAN,,3
Warren,HOPE 1,U.S.Senate,,Tricia FLANAGAN,,4
Warren,HOPE 2,U.S.Senate,,Tricia FLANAGAN,,9
Warren,INDEPENDENCE 1,U.S.Senate,,Tricia FLANAGAN,,3
Warren,INDEPENDENCE 2,U.S.Senate,,Tricia FLANAGAN,,5
Warren,INDEPENDENCE 3,U.S.Senate,,Tricia FLANAGAN,,4
Warren,INDEPENDENCE 4,U.S.Senate,,Tricia FLANAGAN,,4
Warren,KNOWLTON 1,U.S.Senate,,Tricia FLANAGAN,,1
Warren,KNOWLTON 2,U.S.Senate,,Tricia FLANAGAN,,9
Warren,LIBERTY 1,U.S.Senate,,Tricia FLANAGAN,,3
Warren,LIBERTY 2,U.S.Senate,,Tricia FLANAGAN,,11
Warren,LOPATCONG 1,U.S.Senate,,Tricia FLANAGAN,,7
Warren,LOPATCONG 2,U.S.Senate,,Tricia FLANAGAN,,4
Warren,LOPATCONG 3,U.S.Senate,,Tricia FLANAGAN,,3
Warren,LOPATCONG 4,U.S.Senate,,Tricia FLANAGAN,,4
Warren,LOPATCONG 5,U.S.Senate,,Tricia FLANAGAN,,1
Warren,LOPATCONG 6,U.S.Senate,,Tricia FLANAGAN,,1
Warren,LOPATCONG 7,U.S.Senate,,Tricia FLANAGAN,,10
Warren,MANSFIELD 1,U.S.Senate,,Tricia FLANAGAN,,8
Warren,MANSFIELD 2,U.S.Senate,,Tricia FLANAGAN,,3
Warren,MANSFIELD 3,U.S.Senate,,Tricia FLANAGAN,,3
Warren,MANSFIELD 4,U.S.Senate,,Tricia FLANAGAN,,4
Warren,MANSFIELD 5,U.S.Senate,,Tricia FLANAGAN,,3
Warren,MANSFIELD 6,U.S.Senate,,Tricia FLANAGAN,,1
Warren,OXFORD 1,U.S.Senate,,Tricia FLANAGAN,,5
Warren,OXFORD 2,U.S.Senate,,Tricia FLANAGAN,,5
Warren,PHILLIPSBURG 1-1,U.S.Senate,,Tricia FLANAGAN,,6
Warren,PHILLIPSBURG 2-1,U.S.Senate,,Tricia FLANAGAN,,5
Warren,PHILLIPSBURG 3-1,U.S.Senate,,Tricia FLANAGAN,,3
Warren,PHILLIPSBURG 4-1,U.S.Senate,,Tricia FLANAGAN,,7
Warren,PHILLIPSBURG 5-1,U.S.Senate,,Tricia FLANAGAN,,6
Warren,PHILLIPSBURG 5-2,U.S.Senate,,Tricia FLANAGAN,,4
Warren,PHILLIPSBURG 6-1,U.S.Senate,,Tricia FLANAGAN,,6
Warren,PHILLIPSBURG 6-2,U.S.Senate,,Tricia FLANAGAN,,4
Warren,PHILLIPSBURG 7-1,U.S.Senate,,Tricia FLANAGAN,,5
Warren,PHILLIPSBURG 7-2,U.S.Senate,,Tricia FLANAGAN,,1
Warren,PHILLIPSBURG 7-3,U.S.Senate,,Tricia FLANAGAN,,4
Warren,POHATCONG 1,U.S.Senate,,Tricia FLANAGAN,,5
Warren,POHATCONG 2,U.S.Senate,,Tricia FLANAGAN,,0
Warren,POHATCONG 3,U.S.Senate,,Tricia FLANAGAN,,4
Warren,POHATCONG 4,U.S.Senate,,Tricia FLANAGAN,,4
Warren,WASHINGTON BOROUGH 1,U.S.Senate,,Tricia FLANAGAN,,4
Warren,WASHINGTON BOROUGH 2,U.S.Senate,,Tricia FLANAGAN,,6
Warren,WASHINGTON BOROUGH 3,U.S.Senate,,Tricia FLANAGAN,,3
Warren,WASHINGTON BOROUGH 4,U.S.Senate,,Tricia FLANAGAN,,3
Warren,WASHINGTON TOWNSHIP 1,U.S.Senate,,Tricia FLANAGAN,,3
Warren,WASHINGTON TOWNSHIP 2,U.S.Senate,,Tricia FLANAGAN,,5
Warren,WASHINGTON TOWNSHIP 3,U.S.Senate,,Tricia FLANAGAN,,4
Warren,WASHINGTON TOWNSHIP 4,U.S.Senate,,Tricia FLANAGAN,,3
Warren,WASHINGTON TOWNSHIP 5,U.S.Senate,,Tricia FLANAGAN,,8
Warren,WASHINGTON TOWNSHIP 6,U.S.Senate,,Tricia FLANAGAN,,1
Warren,WHITE 1,U.S.Senate,,Tricia FLANAGAN,,2
Warren,WHITE 2,U.S.Senate,,Tricia FLANAGAN,,6
Warren,WHITE 3,U.S.Senate,,Tricia FLANAGAN,,3
Warren,WHITE 4,U.S.Senate,,Tricia FLANAGAN,,3
Warren,WHITE 5,U.S.Senate,,Tricia FLANAGAN,,1
Warren,WHITE 6,U.S.Senate,,Tricia FLANAGAN,,3
Warren,TOTAL,U.S.Senate,,Tricia FLANAGAN,,367
Warren,ALLAMUCHY 1,U.S.Senate,,Kevin KIMPLE,,2
Warren,ALLAMUCHY 2,U.S.Senate,,Kevin KIMPLE,,4
Warren,ALLAMUCHY 3,U.S.Senate,,Kevin KIMPLE,,2
Warren,ALLAMUCHY 4,U.S.Senate,,Kevin KIMPLE,,1
Warren,ALPHA 1,U.S.Senate,,Kevin KIMPLE,,3
Warren,ALPHA 2,U.S.Senate,,Kevin KIMPLE,,2
Warren,BELVIDERE 1,U.S.Senate,,Kevin KIMPLE,,3
Warren,BELVIDERE 2,U.S.Senate,,Kevin KIMPLE,,1
Warren,BELVIDERE 3,U.S.Senate,,Kevin KIMPLE,,5
Warren,BLAIRSTOWN 1,U.S.Senate,,Kevin KIMPLE,,3
Warren,BLAIRSTOWN 2,U.S.Senate,,Kevin KIMPLE,,3
Warren,BLAIRSTOWN 3,U.S.Senate,,Kevin KIMPLE,,5
Warren,BLAIRSTOWN 4,U.S.Senate,,Kevin KIMPLE,,3
Warren,BLAIRSTOWN 5,U.S.Senate,,Kevin KIMPLE,,2
Warren,FRANKLIN 1,U.S.Senate,,Kevin KIMPLE,,0
Warren,FRANKLIN 2,U.S.Senate,,Kevin KIMPLE,,1
Warren,FRANKLIN 3,U.S.Senate,,Kevin KIMPLE,,1
Warren,FRELINGHUYSEN 1,U.S.Senate,,Kevin KIMPLE,,3
Warren,FRELINGHUYSEN 2,U.S.Senate,,Kevin KIMPLE,,4
Warren,GREENWICH 1,U.S.Senate,,Kevin KIMPLE,,4
Warren,GREENWICH 2,U.S.Senate,,Kevin KIMPLE,,2
Warren,GREENWICH 3,U.S.Senate,,Kevin KIMPLE,,1
Warren,GREENWICH 4,U.S.Senate,,Kevin KIMPLE,,5
Warren,HACKETTSTOWN 1,U.S.Senate,,Kevin KIMPLE,,2
Warren,HACKETTSTOWN 2,U.S.Senate,,Kevin KIMPLE,,1
Warren,HACKETTSTOWN 3,U.S.Senate,,Kevin KIMPLE,,1
Warren,HACKETTSTOWN 4,U.S.Senate,,Kevin KIMPLE,,3
Warren,HACKETTSTOWN 5,U.S.Senate,,Kevin KIMPLE,,0
Warren,HACKETTSTOWN 6,U.S.Senate,,Kevin KIMPLE,,7
Warren,HACKETTSTOWN 7,U.S.Senate,,Kevin KIMPLE,,1
Warren,HARDWICK,U.S.Senate,,Kevin KIMPLE,,1
Warren,HARMONY 1,U.S.Senate,,Kevin KIMPLE,,5
Warren,HARMONY 2,U.S.Senate,,Kevin KIMPLE,,2
Warren,HOPE 1,U.S.Senate,,Kevin KIMPLE,,1
Warren,HOPE 2,U.S.Senate,,Kevin KIMPLE,,2
Warren,INDEPENDENCE 1,U.S.Senate,,Kevin KIMPLE,,2
Warren,INDEPENDENCE 2,U.S.Senate,,Kevin KIMPLE,,1
Warren,INDEPENDENCE 3,U.S.Senate,,Kevin KIMPLE,,0
Warren,INDEPENDENCE 4,U.S.Senate,,Kevin KIMPLE,,2
Warren,KNOWLTON 1,U.S.Senate,,Kevin KIMPLE,,3
Warren,KNOWLTON 2,U.S.Senate,,Kevin KIMPLE,,1
Warren,LIBERTY 1,U.S.Senate,,Kevin KIMPLE,,1
Warren,LIBERTY 2,U.S.Senate,,Kevin KIMPLE,,2
Warren,LOPATCONG 1,U.S.Senate,,Kevin KIMPLE,,3
Warren,LOPATCONG 2,U.S.Senate,,Kevin KIMPLE,,2
Warren,LOPATCONG 3,U.S.Senate,,Kevin KIMPLE,,0
Warren,LOPATCONG 4,U.S.Senate,,Kevin KIMPLE,,0
Warren,LOPATCONG 5,U.S.Senate,,Kevin KIMPLE,,0
Warren,LOPATCONG 6,U.S.Senate,,Kevin KIMPLE,,0
Warren,LOPATCONG 7,U.S.Senate,,Kevin KIMPLE,,5
Warren,MANSFIELD 1,U.S.Senate,,Kevin KIMPLE,,2
Warren,MANSFIELD 2,U.S.Senate,,Kevin KIMPLE,,1
Warren,MANSFIELD 3,U.S.Senate,,Kevin KIMPLE,,0
Warren,MANSFIELD 4,U.S.Senate,,Kevin KIMPLE,,1
Warren,MANSFIELD 5,U.S.Senate,,Kevin KIMPLE,,2
Warren,MANSFIELD 6,U.S.Senate,,Kevin KIMPLE,,1
Warren,OXFORD 1,U.S.Senate,,Kevin KIMPLE,,3
Warren,OXFORD 2,U.S.Senate,,Kevin KIMPLE,,4
Warren,PHILLIPSBURG 1-1,U.S.Senate,,Kevin KIMPLE,,2
Warren,PHILLIPSBURG 2-1,U.S.Senate,,Kevin KIMPLE,,0
Warren,PHILLIPSBURG 3-1,U.S.Senate,,Kevin KIMPLE,,0
Warren,PHILLIPSBURG 4-1,U.S.Senate,,Kevin KIMPLE,,4
Warren,PHILLIPSBURG 5-1,U.S.Senate,,Kevin KIMPLE,,1
Warren,PHILLIPSBURG 5-2,U.S.Senate,,Kevin KIMPLE,,4
Warren,PHILLIPSBURG 6-1,U.S.Senate,,Kevin KIMPLE,,0
Warren,PHILLIPSBURG 6-2,U.S.Senate,,Kevin KIMPLE,,3
Warren,PHILLIPSBURG 7-1,U.S.Senate,,Kevin KIMPLE,,2
Warren,PHILLIPSBURG 7-2,U.S.Senate,,Kevin KIMPLE,,1
Warren,PHILLIPSBURG 7-3,U.S.Senate,,Kevin KIMPLE,,0
Warren,POHATCONG 1,U.S.Senate,,Kevin KIMPLE,,2
Warren,POHATCONG 2,U.S.Senate,,Kevin KIMPLE,,1
Warren,POHATCONG 3,U.S.Senate,,Kevin KIMPLE,,2
Warren,POHATCONG 4,U.S.Senate,,Kevin KIMPLE,,2
Warren,WASHINGTON BOROUGH 1,U.S.Senate,,Kevin KIMPLE,,2
Warren,WASHINGTON BOROUGH 2,U.S.Senate,,Kevin KIMPLE,,5
Warren,WASHINGTON BOROUGH 3,U.S.Senate,,Kevin KIMPLE,,1
Warren,WASHINGTON BOROUGH 4,U.S.Senate,,Kevin KIMPLE,,1
Warren,WASHINGTON TOWNSHIP 1,U.S.Senate,,Kevin KIMPLE,,2
Warren,WASHINGTON TOWNSHIP 2,U.S.Senate,,Kevin KIMPLE,,2
Warren,WASHINGTON TOWNSHIP 3,U.S.Senate,,Kevin KIMPLE,,1
Warren,WASHINGTON TOWNSHIP 4,U.S.Senate,,Kevin KIMPLE,,2
Warren,WASHINGTON TOWNSHIP 5,U.S.Senate,,Kevin KIMPLE,,2
Warren,WASHINGTON TOWNSHIP 6,U.S.Senate,,Kevin KIMPLE,,3
Warren,WHITE 1,U.S.Senate,,Kevin KIMPLE,,0
Warren,WHITE 2,U.S.Senate,,Kevin KIMPLE,,1
Warren,WHITE 3,U.S.Senate,,Kevin KIMPLE,,1
Warren,WHITE 4,U.S.Senate,,Kevin KIMPLE,,3
Warren,WHITE 5,U.S.Senate,,Kevin KIMPLE,,2
Warren,WHITE 6,U.S.Senate,,Kevin KIMPLE,,0
Warren,TOTAL,U.S.Senate,,Kevin KIMPLE,,174
Warren,ALLAMUCHY 1,U.S.Senate,,Madelyn R. HOFFMAN,,7
Warren,ALLAMUCHY 2,U.S.Senate,,Madelyn R. HOFFMAN,,7
Warren,ALLAMUCHY 3,U.S.Senate,,Madelyn R. HOFFMAN,,4
Warren,ALLAMUCHY 4,U.S.Senate,,Madelyn R. HOFFMAN,,1
Warren,ALPHA 1,U.S.Senate,,Madelyn R. HOFFMAN,,2
Warren,ALPHA 2,U.S.Senate,,Madelyn R. HOFFMAN,,8
Warren,BELVIDERE 1,U.S.Senate,,Madelyn R. HOFFMAN,,2
Warren,BELVIDERE 2,U.S.Senate,,Madelyn R. HOFFMAN,,2
Warren,BELVIDERE 3,U.S.Senate,,Madelyn R. HOFFMAN,,5
Warren,BLAIRSTOWN 1,U.S.Senate,,Madelyn R. HOFFMAN,,7
Warren,BLAIRSTOWN 2,U.S.Senate,,Madelyn R. HOFFMAN,,5
Warren,BLAIRSTOWN 3,U.S.Senate,,Madelyn R. HOFFMAN,,4
Warren,BLAIRSTOWN 4,U.S.Senate,,Madelyn R. HOFFMAN,,5
Warren,BLAIRSTOWN 5,U.S.Senate,,Madelyn R. HOFFMAN,,2
Warren,FRANKLIN 1,U.S.Senate,,Madelyn R. HOFFMAN,,8
Warren,FRANKLIN 2,U.S.Senate,,Madelyn R. HOFFMAN,,8
Warren,FRANKLIN 3,U.S.Senate,,Madelyn R. HOFFMAN,,1
Warren,FRELINGHUYSEN 1,U.S.Senate,,Madelyn R. HOFFMAN,,6
Warren,FRELINGHUYSEN 2,U.S.Senate,,Madelyn R. HOFFMAN,,5
Warren,GREENWICH 1,U.S.Senate,,Madelyn R. HOFFMAN,,5
Warren,GREENWICH 2,U.S.Senate,,Madelyn R. HOFFMAN,,5
Warren,GREENWICH 3,U.S.Senate,,Madelyn R. HOFFMAN,,2
Warren,GREENWICH 4,U.S.Senate,,Madelyn R. HOFFMAN,,4
Warren,HACKETTSTOWN 1,U.S.Senate,,Madelyn R. HOFFMAN,,4
Warren,HACKETTSTOWN 2,U.S.Senate,,Madelyn R. HOFFMAN,,3
Warren,HACKETTSTOWN 3,U.S.Senate,,Madelyn R. HOFFMAN,,4
Warren,HACKETTSTOWN 4,U.S.Senate,,Madelyn R. HOFFMAN,,3
Warren,HACKETTSTOWN 5,U.S.Senate,,Madelyn R. HOFFMAN,,3
Warren,HACKETTSTOWN 6,U.S.Senate,,Madelyn R. HOFFMAN,,5
Warren,HACKETTSTOWN 7,U.S.Senate,,Madelyn R. HOFFMAN,,4
Warren,HARDWICK,U.S.Senate,,Madelyn R. HOFFMAN,,9
Warren,HARMONY 1,U.S.Senate,,Madelyn R. HOFFMAN,,2
Warren,HARMONY 2,U.S.Senate,,Madelyn R. HOFFMAN,,13
Warren,HOPE 1,U.S.Senate,,Madelyn R. HOFFMAN,,5
Warren,HOPE 2,U.S.Senate,,Madelyn R. HOFFMAN,,4
Warren,INDEPENDENCE 1,U.S.Senate,,Madelyn R. HOFFMAN,,8
Warren,INDEPENDENCE 2,U.S.Senate,,Madelyn R. HOFFMAN,,4
Warren,INDEPENDENCE 3,U.S.Senate,,Madelyn R. HOFFMAN,,4
Warren,INDEPENDENCE 4,U.S.Senate,,Madelyn R. HOFFMAN,,4
Warren,KNOWLTON 1,U.S.Senate,,Madelyn R. HOFFMAN,,4
Warren,KNOWLTON 2,U.S.Senate,,Madelyn R. HOFFMAN,,4
Warren,LIBERTY 1,U.S.Senate,,Madelyn R. HOFFMAN,,4
Warren,LIBERTY 2,U.S.Senate,,Madelyn R. HOFFMAN,,6
Warren,LOPATCONG 1,U.S.Senate,,Madelyn R. HOFFMAN,,2
Warren,LOPATCONG 2,U.S.Senate,,Madelyn R. HOFFMAN,,3
Warren,LOPATCONG 3,U.S.Senate,,Madelyn R. HOFFMAN,,8
Warren,LOPATCONG 4,U.S.Senate,,Madelyn R. HOFFMAN,,4
Warren,LOPATCONG 5,U.S.Senate,,Madelyn R. HOFFMAN,,4
Warren,LOPATCONG 6,U.S.Senate,,Madelyn R. HOFFMAN,,2
Warren,LOPATCONG 7,U.S.Senate,,Madelyn R. HOFFMAN,,6
Warren,MANSFIELD 1,U.S.Senate,,Madelyn R. HOFFMAN,,4
Warren,MANSFIELD 2,U.S.Senate,,Madelyn R. HOFFMAN,,1
Warren,MANSFIELD 3,U.S.Senate,,Madelyn R. HOFFMAN,,2
Warren,MANSFIELD 4,U.S.Senate,,Madelyn R. HOFFMAN,,2
Warren,MANSFIELD 5,U.S.Senate,,Madelyn R. HOFFMAN,,9
Warren,MANSFIELD 6,U.S.Senate,,Madelyn R. HOFFMAN,,9
Warren,OXFORD 1,U.S.Senate,,Madelyn R. HOFFMAN,,3
Warren,OXFORD 2,U.S.Senate,,Madelyn R. HOFFMAN,,2
Warren,PHILLIPSBURG 1-1,U.S.Senate,,Madelyn R. HOFFMAN,,4
Warren,PHILLIPSBURG 2-1,U.S.Senate,,Madelyn R. HOFFMAN,,6
Warren,PHILLIPSBURG 3-1,U.S.Senate,,Madelyn R. HOFFMAN,,2
Warren,PHILLIPSBURG 4-1,U.S.Senate,,Madelyn R. HOFFMAN,,1
Warren,PHILLIPSBURG 5-1,U.S.Senate,,Madelyn R. HOFFMAN,,5
Warren,PHILLIPSBURG 5-2,U.S.Senate,,Madelyn R. HOFFMAN,,0
Warren,PHILLIPSBURG 6-1,U.S.Senate,,Madelyn R. HOFFMAN,,13
Warren,PHILLIPSBURG 6-2,U.S.Senate,,Madelyn R. HOFFMAN,,0
Warren,PHILLIPSBURG 7-1,U.S.Senate,,Madelyn R. HOFFMAN,,1
Warren,PHILLIPSBURG 7-2,U.S.Senate,,Madelyn R. HOFFMAN,,3
Warren,PHILLIPSBURG 7-3,U.S.Senate,,Madelyn R. HOFFMAN,,4
Warren,POHATCONG 1,U.S.Senate,,Madelyn R. HOFFMAN,,2
Warren,POHATCONG 2,U.S.Senate,,Madelyn R. HOFFMAN,,7
Warren,POHATCONG 3,U.S.Senate,,Madelyn R. HOFFMAN,,3
Warren,POHATCONG 4,U.S.Senate,,Madelyn R. HOFFMAN,,3
Warren,WASHINGTON BOROUGH 1,U.S.Senate,,Madelyn R. HOFFMAN,,3
Warren,WASHINGTON BOROUGH 2,U.S.Senate,,Madelyn R. HOFFMAN,,4
Warren,WASHINGTON BOROUGH 3,U.S.Senate,,Madelyn R. HOFFMAN,,6
Warren,WASHINGTON BOROUGH 4,U.S.Senate,,Madelyn R. HOFFMAN,,0
Warren,WASHINGTON TOWNSHIP 1,U.S.Senate,,Madelyn R. HOFFMAN,,5
Warren,WASHINGTON TOWNSHIP 2,U.S.Senate,,Madelyn R. HOFFMAN,,3
Warren,WASHINGTON TOWNSHIP 3,U.S.Senate,,Madelyn R. HOFFMAN,,3
Warren,WASHINGTON TOWNSHIP 4,U.S.Senate,,Madelyn R. HOFFMAN,,0
Warren,WASHINGTON TOWNSHIP 5,U.S.Senate,,Madelyn R. HOFFMAN,,6
Warren,WASHINGTON TOWNSHIP 6,U.S.Senate,,Madelyn R. HOFFMAN,,4
Warren,WHITE 1,U.S.Senate,,Madelyn R. HOFFMAN,,0
Warren,WHITE 2,U.S.Senate,,Madelyn R. HOFFMAN,,1
Warren,WHITE 3,U.S.Senate,,Madelyn R. HOFFMAN,,6
Warren,WHITE 4,U.S.Senate,,Madelyn R. HOFFMAN,,8
Warren,WHITE 5,U.S.Senate,,Madelyn R. HOFFMAN,,4
Warren,WHITE 6,U.S.Senate,,Madelyn R. HOFFMAN,,5
Warren,TOTAL,U.S.Senate,,Madelyn R. HOFFMAN,,375
Warren,ALLAMUCHY 1,U.S.Senate,,Natalie Lynn RIVERA,,4
Warren,ALLAMUCHY 2,U.S.Senate,,Natalie Lynn RIVERA,,0
Warren,ALLAMUCHY 3,U.S.Senate,,Natalie Lynn RIVERA,,4
Warren,ALLAMUCHY 4,U.S.Senate,,Natalie Lynn RIVERA,,2
Warren,ALPHA 1,U.S.Senate,,Natalie Lynn RIVERA,,9
Warren,ALPHA 2,U.S.Senate,,Natalie Lynn RIVERA,,2
Warren,BELVIDERE 1,U.S.Senate,,Natalie Lynn RIVERA,,3
Warren,BELVIDERE 2,U.S.Senate,,Natalie Lynn RIVERA,,2
Warren,BELVIDERE 3,U.S.Senate,,Natalie Lynn RIVERA,,4
Warren,BLAIRSTOWN 1,U.S.Senate,,Natalie Lynn RIVERA,,0
Warren,BLAIRSTOWN 2,U.S.Senate,,Natalie Lynn RIVERA,,0
Warren,BLAIRSTOWN 3,U.S.Senate,,Natalie Lynn RIVERA,,2
Warren,BLAIRSTOWN 4,U.S.Senate,,Natalie Lynn RIVERA,,5
Warren,BLAIRSTOWN 5,U.S.Senate,,Natalie Lynn RIVERA,,2
Warren,FRANKLIN 1,U.S.Senate,,Natalie Lynn RIVERA,,2
Warren,FRANKLIN 2,U.S.Senate,,Natalie Lynn RIVERA,,0
Warren,FRANKLIN 3,U.S.Senate,,Natalie Lynn RIVERA,,1
Warren,FRELINGHUYSEN 1,U.S.Senate,,Natalie Lynn RIVERA,,2
Warren,FRELINGHUYSEN 2,U.S.Senate,,Natalie Lynn RIVERA,,2
Warren,GREENWICH 1,U.S.Senate,,Natalie Lynn RIVERA,,5
Warren,GREENWICH 2,U.S.Senate,,Natalie Lynn RIVERA,,2
Warren,GREENWICH 3,U.S.Senate,,Natalie Lynn RIVERA,,4
Warren,GREENWICH 4,U.S.Senate,,Natalie Lynn RIVERA,,2
Warren,HACKETTSTOWN 1,U.S.Senate,,Natalie Lynn RIVERA,,8
Warren,HACKETTSTOWN 2,U.S.Senate,,Natalie Lynn RIVERA,,3
Warren,HACKETTSTOWN 3,U.S.Senate,,Natalie Lynn RIVERA,,3
Warren,HACKETTSTOWN 4,U.S.Senate,,Natalie Lynn RIVERA,,7
Warren,HACKETTSTOWN 5,U.S.Senate,,Natalie Lynn RIVERA,,4
Warren,HACKETTSTOWN 6,U.S.Senate,,Natalie Lynn RIVERA,,8
Warren,HACKETTSTOWN 7,U.S.Senate,,Natalie Lynn RIVERA,,0
Warren,HARDWICK,U.S.Senate,,Natalie Lynn RIVERA,,4
Warren,HARMONY 1,U.S.Senate,,Natalie Lynn RIVERA,,2
Warren,HARMONY 2,U.S.Senate,,Natalie Lynn RIVERA,,9
Warren,HOPE 1,U.S.Senate,,Natalie Lynn RIVERA,,2
Warren,HOPE 2,U.S.Senate,,Natalie Lynn RIVERA,,2
Warren,INDEPENDENCE 1,U.S.Senate,,Natalie Lynn RIVERA,,0
Warren,INDEPENDENCE 2,U.S.Senate,,Natalie Lynn RIVERA,,3
Warren,INDEPENDENCE 3,U.S.Senate,,Natalie Lynn RIVERA,,2
Warren,INDEPENDENCE 4,U.S.Senate,,Natalie Lynn RIVERA,,3
Warren,KNOWLTON 1,U.S.Senate,,Natalie Lynn RIVERA,,3
Warren,KNOWLTON 2,U.S.Senate,,Natalie Lynn RIVERA,,2
Warren,LIBERTY 1,U.S.Senate,,Natalie Lynn RIVERA,,4
Warren,LIBERTY 2,U.S.Senate,,Natalie Lynn RIVERA,,2
Warren,LOPATCONG 1,U.S.Senate,,Natalie Lynn RIVERA,,1
Warren,LOPATCONG 2,U.S.Senate,,Natalie Lynn RIVERA,,0
Warren,LOPATCONG 3,U.S.Senate,,Natalie Lynn RIVERA,,4
Warren,LOPATCONG 4,U.S.Senate,,Natalie Lynn RIVERA,,3
Warren,LOPATCONG 5,U.S.Senate,,Natalie Lynn RIVERA,,0
Warren,LOPATCONG 6,U.S.Senate,,Natalie Lynn RIVERA,,6
Warren,LOPATCONG 7,U.S.Senate,,Natalie Lynn RIVERA,,6
Warren,MANSFIELD 1,U.S.Senate,,Natalie Lynn RIVERA,,1
Warren,MANSFIELD 2,U.S.Senate,,Natalie Lynn RIVERA,,1
Warren,MANSFIELD 3,U.S.Senate,,Natalie Lynn RIVERA,,1
Warren,MANSFIELD 4,U.S.Senate,,Natalie Lynn RIVERA,,3
Warren,MANSFIELD 5,U.S.Senate,,Natalie Lynn RIVERA,,5
Warren,MANSFIELD 6,U.S.Senate,,Natalie Lynn RIVERA,,6
Warren,OXFORD 1,U.S.Senate,,Natalie Lynn RIVERA,,4
Warren,OXFORD 2,U.S.Senate,,Natalie Lynn RIVERA,,5
Warren,PHILLIPSBURG 1-1,U.S.Senate,,Natalie Lynn RIVERA,,2
Warren,PHILLIPSBURG 2-1,U.S.Senate,,Natalie Lynn RIVERA,,7
Warren,PHILLIPSBURG 3-1,U.S.Senate,,Natalie Lynn RIVERA,,4
Warren,PHILLIPSBURG 4-1,U.S.Senate,,Natalie Lynn RIVERA,,7
Warren,PHILLIPSBURG 5-1,U.S.Senate,,Natalie Lynn RIVERA,,6
Warren,PHILLIPSBURG 5-2,U.S.Senate,,Natalie Lynn RIVERA,,2
Warren,PHILLIPSBURG 6-1,U.S.Senate,,Natalie Lynn RIVERA,,2
Warren,PHILLIPSBURG 6-2,U.S.Senate,,Natalie Lynn RIVERA,,6
Warren,PHILLIPSBURG 7-1,U.S.Senate,,Natalie Lynn RIVERA,,9
Warren,PHILLIPSBURG 7-2,U.S.Senate,,Natalie Lynn RIVERA,,8
Warren,PHILLIPSBURG 7-3,U.S.Senate,,Natalie Lynn RIVERA,,3
Warren,POHATCONG 1,U.S.Senate,,Natalie Lynn RIVERA,,5
Warren,POHATCONG 2,U.S.Senate,,Natalie Lynn RIVERA,,0
Warren,POHATCONG 3,U.S.Senate,,Natalie Lynn RIVERA,,0
Warren,POHATCONG 4,U.S.Senate,,Natalie Lynn RIVERA,,4
Warren,WASHINGTON BOROUGH 1,U.S.Senate,,Natalie Lynn RIVERA,,1
Warren,WASHINGTON BOROUGH 2,U.S.Senate,,Natalie Lynn RIVERA,,5
Warren,WASHINGTON BOROUGH 3,U.S.Senate,,Natalie Lynn RIVERA,,7
Warren,WASHINGTON BOROUGH 4,U.S.Senate,,Natalie Lynn RIVERA,,5
Warren,WASHINGTON TOWNSHIP 1,U.S.Senate,,Natalie Lynn RIVERA,,1
Warren,WASHINGTON TOWNSHIP 2,U.S.Senate,,Natalie Lynn RIVERA,,1
Warren,WASHINGTON TOWNSHIP 3,U.S.Senate,,Natalie Lynn RIVERA,,2
Warren,WASHINGTON TOWNSHIP 4,U.S.Senate,,Natalie Lynn RIVERA,,4
Warren,WASHINGTON TOWNSHIP 5,U.S.Senate,,Natalie Lynn RIVERA,,2
Warren,WASHINGTON TOWNSHIP 6,U.S.Senate,,Natalie Lynn RIVERA,,1
Warren,WHITE 1,U.S.Senate,,Natalie Lynn RIVERA,,2
Warren,WHITE 2,U.S.Senate,,Natalie Lynn RIVERA,,3
Warren,WHITE 3,U.S.Senate,,Natalie Lynn RIVERA,,5
Warren,WHITE 4,U.S.Senate,,Natalie Lynn RIVERA,,3
Warren,WHITE 5,U.S.Senate,,Natalie Lynn RIVERA,,3
Warren,WHITE 6,U.S.Senate,,Natalie Lynn RIVERA,,6
Warren,TOTAL,U.S.Senate,,Natalie Lynn RIVERA,,292
Warren,ALLAMUCHY 1,U.S.Senate,,Murray SABRIN,,4
Warren,ALLAMUCHY 2,U.S.Senate,,Murray SABRIN,,4
Warren,ALLAMUCHY 3,U.S.Senate,,Murray SABRIN,,2
Warren,ALLAMUCHY 4,U.S.Senate,,Murray SABRIN,,4
Warren,ALPHA 1,U.S.Senate,,Murray SABRIN,,3
Warren,ALPHA 2,U.S.Senate,,Murray SABRIN,,3
Warren,BELVIDERE 1,U.S.Senate,,Murray SABRIN,,4
Warren,BELVIDERE 2,U.S.Senate,,Murray SABRIN,,2
Warren,BELVIDERE 3,U.S.Senate,,Murray SABRIN,,8
Warren,BLAIRSTOWN 1,U.S.Senate,,Murray SABRIN,,8
Warren,BLAIRSTOWN 2,U.S.Senate,,Murray SABRIN,,2
Warren,BLAIRSTOWN 3,U.S.Senate,,Murray SABRIN,,2
Warren,BLAIRSTOWN 4,U.S.Senate,,Murray SABRIN,,2
Warren,BLAIRSTOWN 5,U.S.Senate,,Murray SABRIN,,8
Warren,FRANKLIN 1,U.S.Senate,,Murray SABRIN,,3
Warren,FRANKLIN 2,U.S.Senate,,Murray SABRIN,,4
Warren,FRANKLIN 3,U.S.Senate,,Murray SABRIN,,1
Warren,FRELINGHUYSEN 1,U.S.Senate,,Murray SABRIN,,1
Warren,FRELINGHUYSEN 2,U.S.Senate,,Murray SABRIN,,5
Warren,GREENWICH 1,U.S.Senate,,Murray SABRIN,,7
Warren,GREENWICH 2,U.S.Senate,,Murray SABRIN,,3
Warren,GREENWICH 3,U.S.Senate,,Murray SABRIN,,5
Warren,GREENWICH 4,U.S.Senate,,Murray SABRIN,,9
Warren,HACKETTSTOWN 1,U.S.Senate,,Murray SABRIN,,4
Warren,HACKETTSTOWN 2,U.S.Senate,,Murray SABRIN,,3
Warren,HACKETTSTOWN 3,U.S.Senate,,Murray SABRIN,,5
Warren,HACKETTSTOWN 4,U.S.Senate,,Murray SABRIN,,4
Warren,HACKETTSTOWN 5,U.S.Senate,,Murray SABRIN,,4
Warren,HACKETTSTOWN 6,U.S.Senate,,Murray SABRIN,,6
Warren,HACKETTSTOWN 7,U.S.Senate,,Murray SABRIN,,4
Warren,HARDWICK,U.S.Senate,,Murray SABRIN,,10
Warren,HARMONY 1,U.S.Senate,,Murray SABRIN,,7
Warren,HARMONY 2,U.S.Senate,,Murray SABRIN,,4
Warren,HOPE 1,U.S.Senate,,Murray SABRIN,,3
Warren,HOPE 2,U.S.Senate,,Murray SABRIN,,5
Warren,INDEPENDENCE 1,U.S.Senate,,Murray SABRIN,,3
Warren,INDEPENDENCE 2,U.S.Senate,,Murray SABRIN,,7
Warren,INDEPENDENCE 3,U.S.Senate,,Murray SABRIN,,7
Warren,INDEPENDENCE 4,U.S.Senate,,Murray SABRIN,,6
Warren,KNOWLTON 1,U.S.Senate,,Murray SABRIN,,4
Warren,KNOWLTON 2,U.S.Senate,,Murray SABRIN,,5
Warren,LIBERTY 1,U.S.Senate,,Murray SABRIN,,6
Warren,LIBERTY 2,U.S.Senate,,Murray SABRIN,,3
Warren,LOPATCONG 1,U.S.Senate,,Murray SABRIN,,4
Warren,LOPATCONG 2,U.S.Senate,,Murray SABRIN,,3
Warren,LOPATCONG 3,U.S.Senate,,Murray SABRIN,,8
Warren,LOPATCONG 4,U.S.Senate,,Murray SABRIN,,2
Warren,LOPATCONG 5,U.S.Senate,,Murray SABRIN,,6
Warren,LOPATCONG 6,U.S.Senate,,Murray SABRIN,,3
Warren,LOPATCONG 7,U.S.Senate,,Murray SABRIN,,5
Warren,MANSFIELD 1,U.S.Senate,,Murray SABRIN,,8
Warren,MANSFIELD 2,U.S.Senate,,Murray SABRIN,,0
Warren,MANSFIELD 3,U.S.Senate,,Murray SABRIN,,5
Warren,MANSFIELD 4,U.S.Senate,,Murray SABRIN,,3
Warren,MANSFIELD 5,U.S.Senate,,Murray SABRIN,,5
Warren,MANSFIELD 6,U.S.Senate,,Murray SABRIN,,2
Warren,OXFORD 1,U.S.Senate,,Murray SABRIN,,2
Warren,OXFORD 2,U.S.Senate,,Murray SABRIN,,3
Warren,PHILLIPSBURG 1-1,U.S.Senate,,Murray SABRIN,,3
Warren,PHILLIPSBURG 2-1,U.S.Senate,,Murray SABRIN,,4
Warren,PHILLIPSBURG 3-1,U.S.Senate,,Murray SABRIN,,1
Warren,PHILLIPSBURG 4-1,U.S.Senate,,Murray SABRIN,,6
Warren,PHILLIPSBURG 5-1,U.S.Senate,,Murray SABRIN,,2
Warren,PHILLIPSBURG 5-2,U.S.Senate,,Murray SABRIN,,4
Warren,PHILLIPSBURG 6-1,U.S.Senate,,Murray SABRIN,,3
Warren,PHILLIPSBURG 6-2,U.S.Senate,,Murray SABRIN,,3
Warren,PHILLIPSBURG 7-1,U.S.Senate,,Murray SABRIN,,3
Warren,PHILLIPSBURG 7-2,U.S.Senate,,Murray SABRIN,,2
Warren,PHILLIPSBURG 7-3,U.S.Senate,,Murray SABRIN,,4
Warren,POHATCONG 1,U.S.Senate,,Murray SABRIN,,4
Warren,POHATCONG 2,U.S.Senate,,Murray SABRIN,,5
Warren,POHATCONG 3,U.S.Senate,,Murray SABRIN,,4
Warren,POHATCONG 4,U.S.Senate,,Murray SABRIN,,2
Warren,WASHINGTON BOROUGH 1,U.S.Senate,,Murray SABRIN,,9
Warren,WASHINGTON BOROUGH 2,U.S.Senate,,Murray SABRIN,,8
Warren,WASHINGTON BOROUGH 3,U.S.Senate,,Murray SABRIN,,0
Warren,WASHINGTON BOROUGH 4,U.S.Senate,,Murray SABRIN,,6
Warren,WASHINGTON TOWNSHIP 1,U.S.Senate,,Murray SABRIN,,3
Warren,WASHINGTON TOWNSHIP 2,U.S.Senate,,Murray SABRIN,,4
Warren,WASHINGTON TOWNSHIP 3,U.S.Senate,,Murray SABRIN,,11
Warren,WASHINGTON TOWNSHIP 4,U.S.Senate,,Murray SABRIN,,4
Warren,WASHINGTON TOWNSHIP 5,U.S.Senate,,Murray SABRIN,,5
Warren,WASHINGTON TOWNSHIP 6,U.S.Senate,,Murray SABRIN,,1
Warren,WHITE 1,U.S.Senate,,Murray SABRIN,,1
Warren,WHITE 2,U.S.Senate,,Murray SABRIN,,0
Warren,WHITE 3,U.S.Senate,,Murray SABRIN,,2
Warren,WHITE 4,U.S.Senate,,Murray SABRIN,,2
Warren,WHITE 5,U.S.Senate,,Murray SABRIN,,4
Warren,WHITE 6,U.S.Senate,,Murray SABRIN,,3
Warren,TOTAL,U.S.Senate,,Murray SABRIN,,366
Warren,ALLAMUCHY 1,U.S.Senate,,Write-In,,0
Warren,ALLAMUCHY 2,U.S.Senate,,Write-In,,0
Warren,ALLAMUCHY 3,U.S.Senate,,Write-In,,1
Warren,ALLAMUCHY 4,U.S.Senate,,Write-In,,0
Warren,ALPHA 1,U.S.Senate,,Write-In,,0
Warren,ALPHA 2,U.S.Senate,,Write-In,,0
Warren,BELVIDERE 1,U.S.Senate,,Write-In,,1
Warren,BELVIDERE 2,U.S.Senate,,Write-In,,1
Warren,BELVIDERE 3,U.S.Senate,,Write-In,,2
Warren,BLAIRSTOWN 1,U.S.Senate,,Write-In,,1
Warren,BLAIRSTOWN 2,U.S.Senate,,Write-In,,0
Warren,BLAIRSTOWN 3,U.S.Senate,,Write-In,,0
Warren,BLAIRSTOWN 4,U.S.Senate,,Write-In,,0
Warren,BLAIRSTOWN 5,U.S.Senate,,Write-In,,0
Warren,FRANKLIN 1,U.S.Senate,,Write-In,,0
Warren,FRANKLIN 2,U.S.Senate,,Write-In,,1
Warren,FRANKLIN 3,U.S.Senate,,Write-In,,1
Warren,FRELINGHUYSEN 1,U.S.Senate,,Write-In,,1
Warren,FRELINGHUYSEN 2,U.S.Senate,,Write-In,,0
Warren,GREENWICH 1,U.S.Senate,,Write-In,,1
Warren,GREENWICH 2,U.S.Senate,,Write-In,,1
Warren,GREENWICH 3,U.S.Senate,,Write-In,,2
Warren,GREENWICH 4,U.S.Senate,,Write-In,,0
Warren,HACKETTSTOWN 1,U.S.Senate,,Write-In,,3
Warren,HACKETTSTOWN 2,U.S.Senate,,Write-In,,1
Warren,HACKETTSTOWN 3,U.S.Senate,,Write-In,,2
Warren,HACKETTSTOWN 4,U.S.Senate,,Write-In,,2
Warren,HACKETTSTOWN 5,U.S.Senate,,Write-In,,3
Warren,HACKETTSTOWN 6,U.S.Senate,,Write-In,,3
Warren,HACKETTSTOWN 7,U.S.Senate,,Write-In,,0
Warren,HARDWICK,U.S.Senate,,Write-In,,1
Warren,HARMONY 1,U.S.Senate,,Write-In,,1
Warren,HARMONY 2,U.S.Senate,,Write-In,,0
Warren,HOPE 1,U.S.Senate,,Write-In,,0
Warren,HOPE 2,U.S.Senate,,Write-In,,0
Warren,INDEPENDENCE 1,U.S.Senate,,Write-In,,1
Warren,INDEPENDENCE 2,U.S.Senate,,Write-In,,0
Warren,INDEPENDENCE 3,U.S.Senate,,Write-In,,0
Warren,INDEPENDENCE 4,U.S.Senate,,Write-In,,0
Warren,KNOWLTON 1,U.S.Senate,,Write-In,,1
Warren,KNOWLTON 2,U.S.Senate,,Write-In,,1
Warren,LIBERTY 1,U.S.Senate,,Write-In,,1
Warren,LIBERTY 2,U.S.Senate,,Write-In,,2
Warren,LOPATCONG 1,U.S.Senate,,Write-In,,0
Warren,LOPATCONG 2,U.S.Senate,,Write-In,,1
Warren,LOPATCONG 3,U.S.Senate,,Write-In,,0
Warren,LOPATCONG 4,U.S.Senate,,Write-In,,0
Warren,LOPATCONG 5,U.S.Senate,,Write-In,,0
Warren,LOPATCONG 6,U.S.Senate,,Write-In,,0
Warren,LOPATCONG 7,U.S.Senate,,Write-In,,0
Warren,MANSFIELD 1,U.S.Senate,,Write-In,,5
Warren,MANSFIELD 2,U.S.Senate,,Write-In,,1
Warren,MANSFIELD 3,U.S.Senate,,Write-In,,0
Warren,MANSFIELD 4,U.S.Senate,,Write-In,,1
Warren,MANSFIELD 5,U.S.Senate,,Write-In,,1
Warren,MANSFIELD 6,U.S.Senate,,Write-In,,0
Warren,OXFORD 1,U.S.Senate,,Write-In,,1
Warren,OXFORD 2,U.S.Senate,,Write-In,,0
Warren,PHILLIPSBURG 1-1,U.S.Senate,,Write-In,,1
Warren,PHILLIPSBURG 2-1,U.S.Senate,,Write-In,,0
Warren,PHILLIPSBURG 3-1,U.S.Senate,,Write-In,,0
Warren,PHILLIPSBURG 4-1,U.S.Senate,,Write-In,,0
Warren,PHILLIPSBURG 5-1,U.S.Senate,,Write-In,,0
Warren,PHILLIPSBURG 5-2,U.S.Senate,,Write-In,,1
Warren,PHILLIPSBURG 6-1,U.S.Senate,,Write-In,,3
Warren,PHILLIPSBURG 6-2,U.S.Senate,,Write-In,,1
Warren,PHILLIPSBURG 7-1,U.S.Senate,,Write-In,,1
Warren,PHILLIPSBURG 7-2,U.S.Senate,,Write-In,,0
Warren,PHILLIPSBURG 7-3,U.S.Senate,,Write-In,,0
Warren,POHATCONG 1,U.S.Senate,,Write-In,,1
Warren,POHATCONG 2,U.S.Senate,,Write-In,,0
Warren,POHATCONG 3,U.S.Senate,,Write-In,,0
Warren,POHATCONG 4,U.S.Senate,,Write-In,,0
Warren,WASHINGTON BOROUGH 1,U.S.Senate,,Write-In,,2
Warren,WASHINGTON BOROUGH 2,U.S.Senate,,Write-In,,1
Warren,WASHINGTON BOROUGH 3,U.S.Senate,,Write-In,,2
Warren,WASHINGTON BOROUGH 4,U.S.Senate,,Write-In,,1
Warren,WASHINGTON TOWNSHIP 1,U.S.Senate,,Write-In,,1
Warren,WASHINGTON TOWNSHIP 2,U.S.Senate,,Write-In,,0
Warren,WASHINGTON TOWNSHIP 3,U.S.Senate,,Write-In,,2
Warren,WASHINGTON TOWNSHIP 4,U.S.Senate,,Write-In,,0
Warren,WASHINGTON TOWNSHIP 5,U.S.Senate,,Write-In,,1
Warren,WASHINGTON TOWNSHIP 6,U.S.Senate,,Write-In,,0
Warren,WHITE 1,U.S.Senate,,Write-In,,1
Warren,WHITE 2,U.S.Senate,,Write-In,,1
Warren,WHITE 3,U.S.Senate,,Write-In,,0
Warren,WHITE 4,U.S.Senate,,Write-In,,0
Warren,WHITE 5,U.S.Senate,,Write-In,,0
Warren,WHITE 6,U.S.Senate,,Write-In,,0
Warren,TOTAL,U.S.Senate,,Write-In,,66
Warren,ALLAMUCHY 1,U.S.Senate,,Undervotes,,10
Warren,ALLAMUCHY 2,U.S.Senate,,Undervotes,,11
Warren,ALLAMUCHY 3,U.S.Senate,,Undervotes,,4
Warren,ALLAMUCHY 4,U.S.Senate,,Undervotes,,6
Warren,ALPHA 1,U.S.Senate,,Undervotes,,20
Warren,ALPHA 2,U.S.Senate,,Undervotes,,17
Warren,BELVIDERE 1,U.S.Senate,,Undervotes,,9
Warren,BELVIDERE 2,U.S.Senate,,Undervotes,,4
Warren,BELVIDERE 3,U.S.Senate,,Undervotes,,20
Warren,BLAIRSTOWN 1,U.S.Senate,,Undervotes,,13
Warren,BLAIRSTOWN 2,U.S.Senate,,Undervotes,,8
Warren,BLAIRSTOWN 3,U.S.Senate,,Undervotes,,5
Warren,BLAIRSTOWN 4,U.S.Senate,,Undervotes,,12
Warren,BLAIRSTOWN 5,U.S.Senate,,Undervotes,,8
Warren,FRANKLIN 1,U.S.Senate,,Undervotes,,12
Warren,FRANKLIN 2,U.S.Senate,,Undervotes,,3
Warren,FRANKLIN 3,U.S.Senate,,Undervotes,,6
Warren,FRELINGHUYSEN 1,U.S.Senate,,Undervotes,,11
Warren,FRELINGHUYSEN 2,U.S.Senate,,Undervotes,,12
Warren,GREENWICH 1,U.S.Senate,,Undervotes,,5
Warren,GREENWICH 2,U.S.Senate,,Undervotes,,5
Warren,GREENWICH 3,U.S.Senate,,Undervotes,,12
Warren,GREENWICH 4,U.S.Senate,,Undervotes,,12
Warren,HACKETTSTOWN 1,U.S.Senate,,Undervotes,,16
Warren,HACKETTSTOWN 2,U.S.Senate,,Undervotes,,5
Warren,HACKETTSTOWN 3,U.S.Senate,,Undervotes,,7
Warren,HACKETTSTOWN 4,U.S.Senate,,Undervotes,,2
Warren,HACKETTSTOWN 5,U.S.Senate,,Undervotes,,4
Warren,HACKETTSTOWN 6,U.S.Senate,,Undervotes,,10
Warren,HACKETTSTOWN 7,U.S.Senate,,Undervotes,,4
Warren,HARDWICK,U.S.Senate,,Undervotes,,10
Warren,HARMONY 1,U.S.Senate,,Undervotes,,12
Warren,HARMONY 2,U.S.Senate,,Undervotes,,16
Warren,HOPE 1,U.S.Senate,,Undervotes,,8
Warren,HOPE 2,U.S.Senate,,Undervotes,,10
Warren,INDEPENDENCE 1,U.S.Senate,,Undervotes,,7
Warren,INDEPENDENCE 2,U.S.Senate,,Undervotes,,14
Warren,INDEPENDENCE 3,U.S.Senate,,Undervotes,,5
Warren,INDEPENDENCE 4,U.S.Senate,,Undervotes,,13
Warren,KNOWLTON 1,U.S.Senate,,Undervotes,,12
Warren,KNOWLTON 2,U.S.Senate,,Undervotes,,8
Warren,LIBERTY 1,U.S.Senate,,Undervotes,,10
Warren,LIBERTY 2,U.S.Senate,,Undervotes,,6
Warren,LOPATCONG 1,U.S.Senate,,Undervotes,,9
Warren,LOPATCONG 2,U.S.Senate,,Undervotes,,12
Warren,LOPATCONG 3,U.S.Senate,,Undervotes,,15
Warren,LOPATCONG 4,U.S.Senate,,Undervotes,,6
Warren,LOPATCONG 5,U.S.Senate,,Undervotes,,7
Warren,LOPATCONG 6,U.S.Senate,,Undervotes,,7
Warren,LOPATCONG 7,U.S.Senate,,Undervotes,,10
Warren,MANSFIELD 1,U.S.Senate,,Undervotes,,4
Warren,MANSFIELD 2,U.S.Senate,,Undervotes,,5
Warren,MANSFIELD 3,U.S.Senate,,Undervotes,,10
Warren,MANSFIELD 4,U.S.Senate,,Undervotes,,11
Warren,MANSFIELD 5,U.S.Senate,,Undervotes,,9
Warren,MANSFIELD 6,U.S.Senate,,Undervotes,,10
Warren,OXFORD 1,U.S.Senate,,Undervotes,,3
Warren,OXFORD 2,U.S.Senate,,Undervotes,,12
Warren,PHILLIPSBURG 1-1,U.S.Senate,,Undervotes,,7
Warren,PHILLIPSBURG 2-1,U.S.Senate,,Undervotes,,10
Warren,PHILLIPSBURG 3-1,U.S.Senate,,Undervotes,,12
Warren,PHILLIPSBURG 4-1,U.S.Senate,,Undervotes,,15
Warren,PHILLIPSBURG 5-1,U.S.Senate,,Undervotes,,6
Warren,PHILLIPSBURG 5-2,U.S.Senate,,Undervotes,,14
Warren,PHILLIPSBURG 6-1,U.S.Senate,,Undervotes,,24
Warren,PHILLIPSBURG 6-2,U.S.Senate,,Undervotes,,17
Warren,PHILLIPSBURG 7-1,U.S.Senate,,Undervotes,,12
Warren,PHILLIPSBURG 7-2,U.S.Senate,,Undervotes,,16
Warren,PHILLIPSBURG 7-3,U.S.Senate,,Undervotes,,12
Warren,POHATCONG 1,U.S.Senate,,Undervotes,,2
Warren,POHATCONG 2,U.S.Senate,,Undervotes,,6
Warren,POHATCONG 3,U.S.Senate,,Undervotes,,7
Warren,POHATCONG 4,U.S.Senate,,Undervotes,,5
Warren,WASHINGTON BOROUGH 1,U.S.Senate,,Undervotes,,12
Warren,WASHINGTON BOROUGH 2,U.S.Senate,,Undervotes,,22
Warren,WASHINGTON BOROUGH 3,U.S.Senate,,Undervotes,,12
Warren,WASHINGTON BOROUGH 4,U.S.Senate,,Undervotes,,6
Warren,WASHINGTON TOWNSHIP 1,U.S.Senate,,Undervotes,,11
Warren,WASHINGTON TOWNSHIP 2,U.S.Senate,,Undervotes,,7
Warren,WASHINGTON TOWNSHIP 3,U.S.Senate,,Undervotes,,14
Warren,WASHINGTON TOWNSHIP 4,U.S.Senate,,Undervotes,,6
Warren,WASHINGTON TOWNSHIP 5,U.S.Senate,,Undervotes,,12
Warren,WASHINGTON TOWNSHIP 6,U.S.Senate,,Undervotes,,8
Warren,WHITE 1,U.S.Senate,,Undervotes,,7
Warren,WHITE 2,U.S.Senate,,Undervotes,,12
Warren,WHITE 3,U.S.Senate,,Undervotes,,7
Warren,WHITE 4,U.S.Senate,,Undervotes,,9
Warren,WHITE 5,U.S.Senate,,Undervotes,,1
Warren,WHITE 6,U.S.Senate,,Undervotes,,5
Warren,TOTAL,U.S.Senate,,Undervotes,,850
Warren,ALLAMUCHY 1,U.S.Senate,,Over Vote,,1
Warren,ALLAMUCHY 2,U.S.Senate,,Over Vote,,0
Warren,ALLAMUCHY 3,U.S.Senate,,Over Vote,,0
Warren,ALLAMUCHY 4,U.S.Senate,,Over Vote,,1
Warren,ALPHA 1,U.S.Senate,,Over Vote,,1
Warren,ALPHA 2,U.S.Senate,,Over Vote,,0
Warren,BELVIDERE 1,U.S.Senate,,Over Vote,,0
Warren,BELVIDERE 2,U.S.Senate,,Over Vote,,1
Warren,BELVIDERE 3,U.S.Senate,,Over Vote,,0
Warren,BLAIRSTOWN 1,U.S.Senate,,Over Vote,,1
Warren,BLAIRSTOWN 2,U.S.Senate,,Over Vote,,0
Warren,BLAIRSTOWN 3,U.S.Senate,,Over Vote,,0
Warren,BLAIRSTOWN 4,U.S.Senate,,Over Vote,,0
Warren,BLAIRSTOWN 5,U.S.Senate,,Over Vote,,0
Warren,FRANKLIN 1,U.S.Senate,,Over Vote,,0
Warren,FRANKLIN 2,U.S.Senate,,Over Vote,,0
Warren,FRANKLIN 3,U.S.Senate,,Over Vote,,0
Warren,FRELINGHUYSEN 1,U.S.Senate,,Over Vote,,1
Warren,FRELINGHUYSEN 2,U.S.Senate,,Over Vote,,0
Warren,GREENWICH 1,U.S.Senate,,Over Vote,,0
Warren,GREENWICH 2,U.S.Senate,,Over Vote,,0
Warren,GREENWICH 3,U.S.Senate,,Over Vote,,0
Warren,GREENWICH 4,U.S.Senate,,Over Vote,,0
Warren,HACKETTSTOWN 1,U.S.Senate,,Over Vote,,2
Warren,HACKETTSTOWN 2,U.S.Senate,,Over Vote,,0
Warren,HACKETTSTOWN 3,U.S.Senate,,Over Vote,,2
Warren,HACKETTSTOWN 4,U.S.Senate,,Over Vote,,0
Warren,HACKETTSTOWN 5,U.S.Senate,,Over Vote,,1
Warren,HACKETTSTOWN 6,U.S.Senate,,Over Vote,,2
Warren,HACKETTSTOWN 7,U.S.Senate,,Over Vote,,0
Warren,HARDWICK,U.S.Senate,,Over Vote,,0
Warren,HARMONY 1,U.S.Senate,,Over Vote,,0
Warren,HARMONY 2,U.S.Senate,,Over Vote,,0
Warren,HOPE 1,U.S.Senate,,Over Vote,,0
Warren,HOPE 2,U.S.Senate,,Over Vote,,0
Warren,INDEPENDENCE 1,U.S.Senate,,Over Vote,,1
Warren,INDEPENDENCE 2,U.S.Senate,,Over Vote,,1
Warren,INDEPENDENCE 3,U.S.Senate,,Over Vote,,0
Warren,INDEPENDENCE 4,U.S.Senate,,Over Vote,,0
Warren,KNOWLTON 1,U.S.Senate,,Over Vote,,0
Warren,KNOWLTON 2,U.S.Senate,,Over Vote,,0
Warren,LIBERTY 1,U.S.Senate,,Over Vote,,0
Warren,LIBERTY 2,U.S.Senate,,Over Vote,,0
Warren,LOPATCONG 1,U.S.Senate,,Over Vote,,2
Warren,LOPATCONG 2,U.S.Senate,,Over Vote,,1
Warren,LOPATCONG 3,U.S.Senate,,Over Vote,,0
Warren,LOPATCONG 4,U.S.Senate,,Over Vote,,0
Warren,LOPATCONG 5,U.S.Senate,,Over Vote,,0
Warren,LOPATCONG 6,U.S.Senate,,Over Vote,,0
Warren,LOPATCONG 7,U.S.Senate,,Over Vote,,1
Warren,MANSFIELD 1,U.S.Senate,,Over Vote,,2
Warren,MANSFIELD 2,U.S.Senate,,Over Vote,,0
Warren,MANSFIELD 3,U.S.Senate,,Over Vote,,1
Warren,MANSFIELD 4,U.S.Senate,,Over Vote,,0
Warren,MANSFIELD 5,U.S.Senate,,Over Vote,,0
Warren,MANSFIELD 6,U.S.Senate,,Over Vote,,0
Warren,OXFORD 1,U.S.Senate,,Over Vote,,0
Warren,OXFORD 2,U.S.Senate,,Over Vote,,0
Warren,PHILLIPSBURG 1-1,U.S.Senate,,Over Vote,,0
Warren,PHILLIPSBURG 2-1,U.S.Senate,,Over Vote,,0
Warren,PHILLIPSBURG 3-1,U.S.Senate,,Over Vote,,0
Warren,PHILLIPSBURG 4-1,U.S.Senate,,Over Vote,,0
Warren,PHILLIPSBURG 5-1,U.S.Senate,,Over Vote,,0
Warren,PHILLIPSBURG 5-2,U.S.Senate,,Over Vote,,0
Warren,PHILLIPSBURG 6-1,U.S.Senate,,Over Vote,,1
Warren,PHILLIPSBURG 6-2,U.S.Senate,,Over Vote,,0
Warren,PHILLIPSBURG 7-1,U.S.Senate,,Over Vote,,0
Warren,PHILLIPSBURG 7-2,U.S.Senate,,Over Vote,,0
Warren,PHILLIPSBURG 7-3,U.S.Senate,,Over Vote,,0
Warren,POHATCONG 1,U.S.Senate,,Over Vote,,0
Warren,POHATCONG 2,U.S.Senate,,Over Vote,,0
Warren,POHATCONG 3,U.S.Senate,,Over Vote,,0
Warren,POHATCONG 4,U.S.Senate,,Over Vote,,0
Warren,WASHINGTON BOROUGH 1,U.S.Senate,,Over Vote,,0
Warren,WASHINGTON BOROUGH 2,U.S.Senate,,Over Vote,,0
Warren,WASHINGTON BOROUGH 3,U.S.Senate,,Over Vote,,1
Warren,WASHINGTON BOROUGH 4,U.S.Senate,,Over Vote,,1
Warren,WASHINGTON TOWNSHIP 1,U.S.Senate,,Over Vote,,0
Warren,WASHINGTON TOWNSHIP 2,U.S.Senate,,Over Vote,,0
Warren,WASHINGTON TOWNSHIP 3,U.S.Senate,,Over Vote,,0
Warren,WASHINGTON TOWNSHIP 4,U.S.Senate,,Over Vote,,0
Warren,WASHINGTON TOWNSHIP 5,U.S.Senate,,Over Vote,,0
Warren,WASHINGTON TOWNSHIP 6,U.S.Senate,,Over Vote,,1
Warren,WHITE 1,U.S.Senate,,Over Vote,,0
Warren,WHITE 2,U.S.Senate,,Over Vote,,0
Warren,WHITE 3,U.S.Senate,,Over Vote,,0
Warren,WHITE 4,U.S.Senate,,Over Vote,,0
Warren,WHITE 5,U.S.Senate,,Over Vote,,0
Warren,TOTAL,U.S.Senate,,Over Vote,,1
Warren,WHITE 6,U.S. House,5,Over Vote,,27
Warren,ALLAMUCHY 1,U.S. House,5,Josh GOTTHEIMER,,391
Warren,ALLAMUCHY 2,U.S. House,5,Josh GOTTHEIMER,,232
Warren,ALLAMUCHY 3,U.S. House,5,Josh GOTTHEIMER,,183
Warren,ALLAMUCHY 4,U.S. House,5,Josh GOTTHEIMER,,193
Warren,BELVIDERE 1,U.S. House,5,Josh GOTTHEIMER,,112
Warren,BELVIDERE 2,U.S. House,5,Josh GOTTHEIMER,,116
Warren,BELVIDERE 3,U.S. House,5,Josh GOTTHEIMER,,216
Warren,BLAIRSTOWN 1,U.S. House,5,Josh GOTTHEIMER,,299
Warren,BLAIRSTOWN 2,U.S. House,5,Josh GOTTHEIMER,,197
Warren,BLAIRSTOWN 3,U.S. House,5,Josh GOTTHEIMER,,135
Warren,BLAIRSTOWN 4,U.S. House,5,Josh GOTTHEIMER,,200
Warren,BLAIRSTOWN 5,U.S. House,5,Josh GOTTHEIMER,,201
Warren,FRELINGHUYSEN 1,U.S. House,5,Josh GOTTHEIMER,,171
Warren,FRELINGHUYSEN 2,U.S. House,5,Josh GOTTHEIMER,,162
Warren,HACKETTSTOWN 1,U.S. House,5,Josh GOTTHEIMER,,263
Warren,HACKETTSTOWN 2,U.S. House,5,Josh GOTTHEIMER,,176
Warren,HACKETTSTOWN 3,U.S. House,5,Josh GOTTHEIMER,,209
Warren,HACKETTSTOWN 4,U.S. House,5,Josh GOTTHEIMER,,252
Warren,HACKETTSTOWN 5,U.S. House,5,Josh GOTTHEIMER,,189
Warren,HACKETTSTOWN 6,U.S. House,5,Josh GOTTHEIMER,,309
Warren,HACKETTSTOWN 7,U.S. House,5,Josh GOTTHEIMER,,160
Warren,HARDWICK,U.S. House,5,Josh GOTTHEIMER,,309
Warren,HOPE 1,U.S. House,5,Josh GOTTHEIMER,,155
Warren,HOPE 2,U.S. House,5,Josh GOTTHEIMER,,163
Warren,INDEPENDENCE 1,U.S. House,5,Josh GOTTHEIMER,,279
Warren,INDEPENDENCE 2,U.S. House,5,Josh GOTTHEIMER,,302
Warren,INDEPENDENCE 3,U.S. House,5,Josh GOTTHEIMER,,261
Warren,INDEPENDENCE 4,U.S. House,5,Josh GOTTHEIMER,,226
Warren,KNOWLTON 1,U.S. House,5,Josh GOTTHEIMER,,263
Warren,KNOWLTON 2,U.S. House,5,Josh GOTTHEIMER,,193
Warren,LIBERTY 1,U.S. House,5,Josh GOTTHEIMER,,198
Warren,LIBERTY 2,U.S. House,5,Josh GOTTHEIMER,,238
Warren,MANSFIELD 1,U.S. House,5,Josh GOTTHEIMER,,158
Warren,MANSFIELD 2,U.S. House,5,Josh GOTTHEIMER,,142
Warren,MANSFIELD 3,U.S. House,5,Josh GOTTHEIMER,,144
Warren,MANSFIELD 4,U.S. House,5,Josh GOTTHEIMER,,161
Warren,MANSFIELD 5,U.S. House,5,Josh GOTTHEIMER,,224
Warren,MANSFIELD 6,U.S. House,5,Josh GOTTHEIMER,,253
Warren,OXFORD 1,U.S. House,5,Josh GOTTHEIMER,,117
Warren,OXFORD 2,U.S. House,5,Josh GOTTHEIMER,,206
Warren,WASHINGTON BOROUGH 1,U.S. House,5,Josh GOTTHEIMER,,194
Warren,WASHINGTON BOROUGH 2,U.S. House,5,Josh GOTTHEIMER,,351
Warren,WASHINGTON BOROUGH 3,U.S. House,5,Josh GOTTHEIMER,,302
Warren,WASHINGTON BOROUGH 4,U.S. House,5,Josh GOTTHEIMER,,221
Warren,WASHINGTON TOWNSHIP 1,U.S. House,5,Josh GOTTHEIMER,,137
Warren,WASHINGTON TOWNSHIP 2,U.S. House,5,Josh GOTTHEIMER,,157
Warren,WASHINGTON TOWNSHIP 3,U.S. House,5,Josh GOTTHEIMER,,249
Warren,WASHINGTON TOWNSHIP 4,U.S. House,5,Josh GOTTHEIMER,,130
Warren,WASHINGTON TOWNSHIP 5,U.S. House,5,Josh GOTTHEIMER,,289
Warren,WASHINGTON TOWNSHIP 6,U.S. House,5,Josh GOTTHEIMER,,124
Warren,WHITE 1,U.S. House,5,Josh GOTTHEIMER,,70
Warren,WHITE 2,U.S. House,5,Josh GOTTHEIMER,,140
Warren,WHITE 3,U.S. House,5,Josh GOTTHEIMER,,139
Warren,WHITE 4,U.S. House,5,Josh GOTTHEIMER,,128
Warren,WHITE 5,U.S. House,5,Josh GOTTHEIMER,,148
Warren,WHITE 6,U.S. House,5,Josh GOTTHEIMER,,115
Warren,Total,U.S. House,5,Josh GOTTHEIMER,,11252
Warren,ALLAMUCHY 1,U.S. House,5,John J. MCCANN JR.,,444
Warren,ALLAMUCHY 2,U.S. House,5,John J. MCCANN JR.,,279
Warren,ALLAMUCHY 3,U.S. House,5,John J. MCCANN JR.,,206
Warren,ALLAMUCHY 4,U.S. House,5,John J. MCCANN JR.,,318
Warren,BELVIDERE 1,U.S. House,5,John J. MCCANN JR.,,128
Warren,BELVIDERE 2,U.S. House,5,John J. MCCANN JR.,,123
Warren,BELVIDERE 3,U.S. House,5,John J. MCCANN JR.,,275
Warren,BLAIRSTOWN 1,U.S. House,5,John J. MCCANN JR.,,247
Warren,BLAIRSTOWN 2,U.S. House,5,John J. MCCANN JR.,,269
Warren,BLAIRSTOWN 3,U.S. House,5,John J. MCCANN JR.,,301
Warren,BLAIRSTOWN 4,U.S. House,5,John J. MCCANN JR.,,365
Warren,BLAIRSTOWN 5,U.S. House,5,John J. MCCANN JR.,,313
Warren,FRELINGHUYSEN 1,U.S. House,5,John J. MCCANN JR.,,289
Warren,FRELINGHUYSEN 2,U.S. House,5,John J. MCCANN JR.,,306
Warren,HACKETTSTOWN 1,U.S. House,5,John J. MCCANN JR.,,252
Warren,HACKETTSTOWN 2,U.S. House,5,John J. MCCANN JR.,,188
Warren,HACKETTSTOWN 3,U.S. House,5,John J. MCCANN JR.,,218
Warren,HACKETTSTOWN 4,U.S. House,5,John J. MCCANN JR.,,248
Warren,HACKETTSTOWN 5,U.S. House,5,John J. MCCANN JR.,,228
Warren,HACKETTSTOWN 6,U.S. House,5,John J. MCCANN JR.,,297
Warren,HACKETTSTOWN 7,U.S. House,5,John J. MCCANN JR.,,181
Warren,HARDWICK,U.S. House,5,John J. MCCANN JR.,,415
Warren,HOPE 1,U.S. House,5,John J. MCCANN JR.,,221
Warren,HOPE 2,U.S. House,5,John J. MCCANN JR.,,291
Warren,INDEPENDENCE 1,U.S. House,5,John J. MCCANN JR.,,324
Warren,INDEPENDENCE 2,U.S. House,5,John J. MCCANN JR.,,228
Warren,INDEPENDENCE 3,U.S. House,5,John J. MCCANN JR.,,324
Warren,INDEPENDENCE 4,U.S. House,5,John J. MCCANN JR.,,325
Warren,KNOWLTON 1,U.S. House,5,John J. MCCANN JR.,,420
Warren,KNOWLTON 2,U.S. House,5,John J. MCCANN JR.,,282
Warren,LIBERTY 1,U.S. House,5,John J. MCCANN JR.,,275
Warren,LIBERTY 2,U.S. House,5,John J. MCCANN JR.,,401
Warren,MANSFIELD 1,U.S. House,5,John J. MCCANN JR.,,330
Warren,MANSFIELD 2,U.S. House,5,John J. MCCANN JR.,,177
Warren,MANSFIELD 3,U.S. House,5,John J. MCCANN JR.,,284
Warren,MANSFIELD 4,U.S. House,5,John J. MCCANN JR.,,276
Warren,MANSFIELD 5,U.S. House,5,John J. MCCANN JR.,,234
Warren,MANSFIELD 6,U.S. House,5,John J. MCCANN JR.,,154
Warren,OXFORD 1,U.S. House,5,John J. MCCANN JR.,,234
Warren,OXFORD 2,U.S. House,5,John J. MCCANN JR.,,298
Warren,WASHINGTON BOROUGH 1,U.S. House,5,John J. MCCANN JR.,,293
Warren,WASHINGTON BOROUGH 2,U.S. House,5,John J. MCCANN JR.,,284
Warren,WASHINGTON BOROUGH 3,U.S. House,5,John J. MCCANN JR.,,237
Warren,WASHINGTON BOROUGH 4,U.S. House,5,John J. MCCANN JR.,,218
Warren,WASHINGTON TOWNSHIP 1,U.S. House,5,John J. MCCANN JR.,,188
Warren,WASHINGTON TOWNSHIP 2,U.S. House,5,John J. MCCANN JR.,,222
Warren,WASHINGTON TOWNSHIP 3,U.S. House,5,John J. MCCANN JR.,,328
Warren,WASHINGTON TOWNSHIP 4,U.S. House,5,John J. MCCANN JR.,,193
Warren,WASHINGTON TOWNSHIP 5,U.S. House,5,John J. MCCANN JR.,,419
Warren,WASHINGTON TOWNSHIP 6,U.S. House,5,John J. MCCANN JR.,,265
Warren,WHITE 1,U.S. House,5,John J. MCCANN JR.,,135
Warren,WHITE 2,U.S. House,5,John J. MCCANN JR.,,298
Warren,WHITE 3,U.S. House,5,John J. MCCANN JR.,,234
Warren,WHITE 4,U.S. House,5,John J. MCCANN JR.,,208
Warren,WHITE 5,U.S. House,5,John J. MCCANN JR.,,252
Warren,WHITE 6,U.S. House,5,John J. MCCANN JR.,,211
Warren,Total,U.S. House,5,John J. MCCANN JR.,,14953
Warren,ALLAMUCHY 1,U.S. House,5,Wendy W. GOETZ,,6
Warren,ALLAMUCHY 2,U.S. House,5,Wendy W. GOETZ,,1
Warren,ALLAMUCHY 3,U.S. House,5,Wendy W. GOETZ,,7
Warren,ALLAMUCHY 4,U.S. House,5,Wendy W. GOETZ,,8
Warren,BELVIDERE 1,U.S. House,5,Wendy W. GOETZ,,7
Warren,BELVIDERE 2,U.S. House,5,Wendy W. GOETZ,,4
Warren,BELVIDERE 3,U.S. House,5,Wendy W. GOETZ,,9
Warren,BLAIRSTOWN 1,U.S. House,5,Wendy W. GOETZ,,6
Warren,BLAIRSTOWN 2,U.S. House,5,Wendy W. GOETZ,,6
Warren,BLAIRSTOWN 3,U.S. House,5,Wendy W. GOETZ,,4
Warren,BLAIRSTOWN 4,U.S. House,5,Wendy W. GOETZ,,5
Warren,BLAIRSTOWN 5,U.S. House,5,Wendy W. GOETZ,,6
Warren,FRELINGHUYSEN 1,U.S. House,5,Wendy W. GOETZ,,22
Warren,FRELINGHUYSEN 2,U.S. House,5,Wendy W. GOETZ,,12
Warren,HACKETTSTOWN 1,U.S. House,5,Wendy W. GOETZ,,8
Warren,HACKETTSTOWN 2,U.S. House,5,Wendy W. GOETZ,,7
Warren,HACKETTSTOWN 3,U.S. House,5,Wendy W. GOETZ,,5
Warren,HACKETTSTOWN 4,U.S. House,5,Wendy W. GOETZ,,4
Warren,HACKETTSTOWN 5,U.S. House,5,Wendy W. GOETZ,,3
Warren,HACKETTSTOWN 6,U.S. House,5,Wendy W. GOETZ,,10
Warren,HACKETTSTOWN 7,U.S. House,5,Wendy W. GOETZ,,3
Warren,HARDWICK,U.S. House,5,Wendy W. GOETZ,,10
Warren,HOPE 1,U.S. House,5,Wendy W. GOETZ,,5
Warren,HOPE 2,U.S. House,5,Wendy W. GOETZ,,5
Warren,INDEPENDENCE 1,U.S. House,5,Wendy W. GOETZ,,7
Warren,INDEPENDENCE 2,U.S. House,5,Wendy W. GOETZ,,7
Warren,INDEPENDENCE 3,U.S. House,5,Wendy W. GOETZ,,6
Warren,INDEPENDENCE 4,U.S. House,5,Wendy W. GOETZ,,6
Warren,KNOWLTON 1,U.S. House,5,Wendy W. GOETZ,,13
Warren,KNOWLTON 2,U.S. House,5,Wendy W. GOETZ,,9
Warren,LIBERTY 1,U.S. House,5,Wendy W. GOETZ,,8
Warren,LIBERTY 2,U.S. House,5,Wendy W. GOETZ,,8
Warren,MANSFIELD 1,U.S. House,5,Wendy W. GOETZ,,4
Warren,MANSFIELD 2,U.S. House,5,Wendy W. GOETZ,,5
Warren,MANSFIELD 3,U.S. House,5,Wendy W. GOETZ,,3
Warren,MANSFIELD 4,U.S. House,5,Wendy W. GOETZ,,8
Warren,MANSFIELD 5,U.S. House,5,Wendy W. GOETZ,,7
Warren,MANSFIELD 6,U.S. House,5,Wendy W. GOETZ,,6
Warren,OXFORD 1,U.S. House,5,Wendy W. GOETZ,,6
Warren,OXFORD 2,U.S. House,5,Wendy W. GOETZ,,5
Warren,WASHINGTON BOROUGH 1,U.S. House,5,Wendy W. GOETZ,,1
Warren,WASHINGTON BOROUGH 2,U.S. House,5,Wendy W. GOETZ,,8
Warren,WASHINGTON BOROUGH 3,U.S. House,5,Wendy W. GOETZ,,1
Warren,WASHINGTON BOROUGH 4,U.S. House,5,Wendy W. GOETZ,,5
Warren,WASHINGTON TOWNSHIP 1,U.S. House,5,Wendy W. GOETZ,,5
Warren,WASHINGTON TOWNSHIP 2,U.S. House,5,Wendy W. GOETZ,,5
Warren,WASHINGTON TOWNSHIP 3,U.S. House,5,Wendy W. GOETZ,,7
Warren,WASHINGTON TOWNSHIP 4,U.S. House,5,Wendy W. GOETZ,,6
Warren,WASHINGTON TOWNSHIP 5,U.S. House,5,Wendy W. GOETZ,,9
Warren,WASHINGTON TOWNSHIP 6,U.S. House,5,Wendy W. GOETZ,,3
Warren,WHITE 1,U.S. House,5,Wendy W. GOETZ,,3
Warren,WHITE 2,U.S. House,5,Wendy W. GOETZ,,2
Warren,WHITE 3,U.S. House,5,Wendy W. GOETZ,,5
Warren,WHITE 4,U.S. House,5,Wendy W. GOETZ,,2
Warren,WHITE 5,U.S. House,5,Wendy W. GOETZ,,5
Warren,WHITE 6,U.S. House,5,Wendy W. GOETZ,,10
Warren,Total,U.S. House,5,Wendy W. GOETZ,,348
Warren,ALLAMUCHY 1,U.S. House,5,James TOSONE,,6
Warren,ALLAMUCHY 2,U.S. House,5,James TOSONE,,7
Warren,ALLAMUCHY 3,U.S. House,5,James TOSONE,,3
Warren,ALLAMUCHY 4,U.S. House,5,James TOSONE,,3
Warren,BELVIDERE 1,U.S. House,5,James TOSONE,,2
Warren,BELVIDERE 2,U.S. House,5,James TOSONE,,2
Warren,BELVIDERE 3,U.S. House,5,James TOSONE,,9
Warren,BLAIRSTOWN 1,U.S. House,5,James TOSONE,,8
Warren,BLAIRSTOWN 2,U.S. House,5,James TOSONE,,0
Warren,BLAIRSTOWN 3,U.S. House,5,James TOSONE,,5
Warren,BLAIRSTOWN 4,U.S. House,5,James TOSONE,,5
Warren,BLAIRSTOWN 5,U.S. House,5,James TOSONE,,9
Warren,FRELINGHUYSEN 1,U.S. House,5,James TOSONE,,4
Warren,FRELINGHUYSEN 2,U.S. House,5,James TOSONE,,5
Warren,HACKETTSTOWN 1,U.S. House,5,James TOSONE,,3
Warren,HACKETTSTOWN 2,U.S. House,5,James TOSONE,,3
Warren,HACKETTSTOWN 3,U.S. House,5,James TOSONE,,3
Warren,HACKETTSTOWN 4,U.S. House,5,James TOSONE,,7
Warren,HACKETTSTOWN 5,U.S. House,5,James TOSONE,,1
Warren,HACKETTSTOWN 6,U.S. House,5,James TOSONE,,3
Warren,HACKETTSTOWN 7,U.S. House,5,James TOSONE,,2
Warren,HARDWICK,U.S. House,5,James TOSONE,,6
Warren,HOPE 1,U.S. House,5,James TOSONE,,1
Warren,HOPE 2,U.S. House,5,James TOSONE,,3
Warren,INDEPENDENCE 1,U.S. House,5,James TOSONE,,8
Warren,INDEPENDENCE 2,U.S. House,5,James TOSONE,,3
Warren,INDEPENDENCE 3,U.S. House,5,James TOSONE,,7
Warren,INDEPENDENCE 4,U.S. House,5,James TOSONE,,5
Warren,KNOWLTON 1,U.S. House,5,James TOSONE,,6
Warren,KNOWLTON 2,U.S. House,5,James TOSONE,,4
Warren,LIBERTY 1,U.S. House,5,James TOSONE,,8
Warren,LIBERTY 2,U.S. House,5,James TOSONE,,4
Warren,MANSFIELD 1,U.S. House,5,James TOSONE,,6
Warren,MANSFIELD 2,U.S. House,5,James TOSONE,,1
Warren,MANSFIELD 3,U.S. House,5,James TOSONE,,4
Warren,MANSFIELD 4,U.S. House,5,James TOSONE,,1
Warren,MANSFIELD 5,U.S. House,5,James TOSONE,,1
Warren,MANSFIELD 6,U.S. House,5,James TOSONE,,3
Warren,OXFORD 1,U.S. House,5,James TOSONE,,2
Warren,OXFORD 2,U.S. House,5,James TOSONE,,5
Warren,WASHINGTON BOROUGH 1,U.S. House,5,James TOSONE,,4
Warren,WASHINGTON BOROUGH 2,U.S. House,5,James TOSONE,,7
Warren,WASHINGTON BOROUGH 3,U.S. House,5,James TOSONE,,3
Warren,WASHINGTON BOROUGH 4,U.S. House,5,James TOSONE,,3
Warren,WASHINGTON TOWNSHIP 1,U.S. House,5,James TOSONE,,0
Warren,WASHINGTON TOWNSHIP 2,U.S. House,5,James TOSONE,,3
Warren,WASHINGTON TOWNSHIP 3,U.S. House,5,James TOSONE,,7
Warren,WASHINGTON TOWNSHIP 4,U.S. House,5,James TOSONE,,4
Warren,WASHINGTON TOWNSHIP 5,U.S. House,5,James TOSONE,,3
Warren,WASHINGTON TOWNSHIP 6,U.S. House,5,James TOSONE,,1
Warren,WHITE 1,U.S. House,5,James TOSONE,,1
Warren,WHITE 2,U.S. House,5,James TOSONE,,0
Warren,WHITE 3,U.S. House,5,James TOSONE,,7
Warren,WHITE 4,U.S. House,5,James TOSONE,,2
Warren,WHITE 5,U.S. House,5,James TOSONE,,4
Warren,WHITE 6,U.S. House,5,James TOSONE,,1
Warren,Total,U.S. House,5,James TOSONE,,218
Warren,ALLAMUCHY 1,U.S. House,5,Write-In,,0
Warren,ALLAMUCHY 2,U.S. House,5,Write-In,,0
Warren,ALLAMUCHY 3,U.S. House,5,Write-In,,0
Warren,ALLAMUCHY 4,U.S. House,5,Write-In,,0
Warren,BELVIDERE 1,U.S. House,5,Write-In,,0
Warren,BELVIDERE 2,U.S. House,5,Write-In,,0
Warren,BELVIDERE 3,U.S. House,5,Write-In,,1
Warren,BLAIRSTOWN 1,U.S. House,5,Write-In,,0
Warren,BLAIRSTOWN 2,U.S. House,5,Write-In,,0
Warren,BLAIRSTOWN 3,U.S. House,5,Write-In,,0
Warren,BLAIRSTOWN 4,U.S. House,5,Write-In,,0
Warren,BLAIRSTOWN 5,U.S. House,5,Write-In,,1
Warren,FRELINGHUYSEN 1,U.S. House,5,Write-In,,0
Warren,FRELINGHUYSEN 2,U.S. House,5,Write-In,,1
Warren,HACKETTSTOWN 1,U.S. House,5,Write-In,,1
Warren,HACKETTSTOWN 2,U.S. House,5,Write-In,,0
Warren,HACKETTSTOWN 3,U.S. House,5,Write-In,,0
Warren,HACKETTSTOWN 4,U.S. House,5,Write-In,,0
Warren,HACKETTSTOWN 5,U.S. House,5,Write-In,,0
Warren,HACKETTSTOWN 6,U.S. House,5,Write-In,,0
Warren,HACKETTSTOWN 7,U.S. House,5,Write-In,,1
Warren,HARDWICK,U.S. House,5,Write-In,,0
Warren,HOPE 1,U.S. House,5,Write-In,,0
Warren,HOPE 2,U.S. House,5,Write-In,,0
Warren,INDEPENDENCE 1,U.S. House,5,Write-In,,0
Warren,INDEPENDENCE 2,U.S. House,5,Write-In,,0
Warren,INDEPENDENCE 3,U.S. House,5,Write-In,,0
Warren,INDEPENDENCE 4,U.S. House,5,Write-In,,0
Warren,KNOWLTON 1,U.S. House,5,Write-In,,1
Warren,KNOWLTON 2,U.S. House,5,Write-In,,0
Warren,LIBERTY 1,U.S. House,5,Write-In,,1
Warren,LIBERTY 2,U.S. House,5,Write-In,,0
Warren,MANSFIELD 1,U.S. House,5,Write-In,,0
Warren,MANSFIELD 2,U.S. House,5,Write-In,,0
Warren,MANSFIELD 3,U.S. House,5,Write-In,,0
Warren,MANSFIELD 4,U.S. House,5,Write-In,,0
Warren,MANSFIELD 5,U.S. House,5,Write-In,,1
Warren,MANSFIELD 6,U.S. House,5,Write-In,,0
Warren,OXFORD 1,U.S. House,5,Write-In,,0
Warren,OXFORD 2,U.S. House,5,Write-In,,1
Warren,WASHINGTON BOROUGH 1,U.S. House,5,Write-In,,0
Warren,WASHINGTON BOROUGH 2,U.S. House,5,Write-In,,0
Warren,WASHINGTON BOROUGH 3,U.S. House,5,Write-In,,0
Warren,WASHINGTON BOROUGH 4,U.S. House,5,Write-In,,1
Warren,WASHINGTON TOWNSHIP 1,U.S. House,5,Write-In,,0
Warren,WASHINGTON TOWNSHIP 2,U.S. House,5,Write-In,,0
Warren,WASHINGTON TOWNSHIP 3,U.S. House,5,Write-In,,1
Warren,WASHINGTON TOWNSHIP 4,U.S. House,5,Write-In,,0
Warren,WASHINGTON TOWNSHIP 5,U.S. House,5,Write-In,,1
Warren,WASHINGTON TOWNSHIP 6,U.S. House,5,Write-In,,0
Warren,WHITE 1,U.S. House,5,Write-In,,1
Warren,WHITE 2,U.S. House,5,Write-In,,0
Warren,WHITE 3,U.S. House,5,Write-In,,0
Warren,WHITE 4,U.S. House,5,Write-In,,0
Warren,WHITE 5,U.S. House,5,Write-In,,0
Warren,WHITE 6,U.S. House,5,Write-In,,1
Warren,Total,U.S. House,5,Write-In,,14
Warren,ALLAMUCHY 1,U.S. House,5,Over Vote,,0
Warren,ALLAMUCHY 2,U.S. House,5,Over Vote,,1
Warren,ALLAMUCHY 3,U.S. House,5,Over Vote,,0
Warren,ALLAMUCHY 4,U.S. House,5,Over Vote,,0
Warren,BELVIDERE 1,U.S. House,5,Over Vote,,0
Warren,BELVIDERE 2,U.S. House,5,Over Vote,,0
Warren,BELVIDERE 3,U.S. House,5,Over Vote,,0
Warren,BLAIRSTOWN 1,U.S. House,5,Over Vote,,1
Warren,BLAIRSTOWN 2,U.S. House,5,Over Vote,,0
Warren,BLAIRSTOWN 3,U.S. House,5,Over Vote,,0
Warren,BLAIRSTOWN 4,U.S. House,5,Over Vote,,0
Warren,BLAIRSTOWN 5,U.S. House,5,Over Vote,,0
Warren,FRELINGHUYSEN 1,U.S. House,5,Over Vote,,0
Warren,FRELINGHUYSEN 2,U.S. House,5,Over Vote,,0
Warren,HACKETTSTOWN 1,U.S. House,5,Over Vote,,2
Warren,HACKETTSTOWN 2,U.S. House,5,Over Vote,,0
Warren,HACKETTSTOWN 3,U.S. House,5,Over Vote,,0
Warren,HACKETTSTOWN 4,U.S. House,5,Over Vote,,0
Warren,HACKETTSTOWN 5,U.S. House,5,Over Vote,,0
Warren,HACKETTSTOWN 6,U.S. House,5,Over Vote,,2
Warren,HACKETTSTOWN 7,U.S. House,5,Over Vote,,0
Warren,HARDWICK,U.S. House,5,Over Vote,,0
Warren,HOPE 1,U.S. House,5,Over Vote,,0
Warren,HOPE 2,U.S. House,5,Over Vote,,0
Warren,INDEPENDENCE 1,U.S. House,5,Over Vote,,1
Warren,INDEPENDENCE 2,U.S. House,5,Over Vote,,0
Warren,INDEPENDENCE 3,U.S. House,5,Over Vote,,0
Warren,INDEPENDENCE 4,U.S. House,5,Over Vote,,0
Warren,KNOWLTON 1,U.S. House,5,Over Vote,,0
Warren,KNOWLTON 2,U.S. House,5,Over Vote,,0
Warren,LIBERTY 1,U.S. House,5,Over Vote,,0
Warren,LIBERTY 2,U.S. House,5,Over Vote,,0
Warren,MANSFIELD 1,U.S. House,5,Over Vote,,0
Warren,MANSFIELD 2,U.S. House,5,Over Vote,,0
Warren,MANSFIELD 3,U.S. House,5,Over Vote,,1
Warren,MANSFIELD 4,U.S. House,5,Over Vote,,0
Warren,MANSFIELD 5,U.S. House,5,Over Vote,,0
Warren,MANSFIELD 6,U.S. House,5,Over Vote,,0
Warren,OXFORD 1,U.S. House,5,Over Vote,,0
Warren,OXFORD 2,U.S. House,5,Over Vote,,1
Warren,WASHINGTON BOROUGH 1,U.S. House,5,Over Vote,,0
Warren,WASHINGTON BOROUGH 2,U.S. House,5,Over Vote,,0
Warren,WASHINGTON BOROUGH 3,U.S. House,5,Over Vote,,0
Warren,WASHINGTON BOROUGH 4,U.S. House,5,Over Vote,,0
Warren,WASHINGTON TOWNSHIP 1,U.S. House,5,Over Vote,,0
Warren,WASHINGTON TOWNSHIP 2,U.S. House,5,Over Vote,,0
Warren,WASHINGTON TOWNSHIP 3,U.S. House,5,Over Vote,,1
Warren,WASHINGTON TOWNSHIP 4,U.S. House,5,Over Vote,,0
Warren,WASHINGTON TOWNSHIP 5,U.S. House,5,Over Vote,,0
Warren,WASHINGTON TOWNSHIP 6,U.S. House,5,Over Vote,,0
Warren,WHITE 1,U.S. House,5,Over Vote,,0
Warren,WHITE 2,U.S. House,5,Over Vote,,0
Warren,WHITE 3,U.S. House,5,Over Vote,,0
Warren,WHITE 4,U.S. House,5,Over Vote,,0
Warren,WHITE 5,U.S. House,5,Over Vote,,0
Warren,WHITE 6,U.S. House,5,Over Vote,,0
Warren,Total,U.S. House,5,Over Vote,,10
Warren,ALLAMUCHY 1,U.S. House,5,Under Votes,,7
Warren,ALLAMUCHY 2,U.S. House,5,Under Votes,,19
Warren,ALLAMUCHY 3,U.S. House,5,Under Votes,,5
Warren,ALLAMUCHY 4,U.S. House,5,Under Votes,,9
Warren,BELVIDERE 1,U.S. House,5,Under Votes,,12
Warren,BELVIDERE 2,U.S. House,5,Under Votes,,7
Warren,BELVIDERE 3,U.S. House,5,Under Votes,,19
Warren,BLAIRSTOWN 1,U.S. House,5,Under Votes,,16
Warren,BLAIRSTOWN 2,U.S. House,5,Under Votes,,11
Warren,BLAIRSTOWN 3,U.S. House,5,Under Votes,,5
Warren,BLAIRSTOWN 4,U.S. House,5,Under Votes,,12
Warren,BLAIRSTOWN 5,U.S. House,5,Under Votes,,7
Warren,FRELINGHUYSEN 1,U.S. House,5,Under Votes,,8
Warren,FRELINGHUYSEN 2,U.S. House,5,Under Votes,,9
Warren,HACKETTSTOWN 1,U.S. House,5,Under Votes,,18
Warren,HACKETTSTOWN 2,U.S. House,5,Under Votes,,7
Warren,HACKETTSTOWN 3,U.S. House,5,Under Votes,,8
Warren,HACKETTSTOWN 4,U.S. House,5,Under Votes,,7
Warren,HACKETTSTOWN 5,U.S. House,5,Under Votes,,14
Warren,HACKETTSTOWN 6,U.S. House,5,Under Votes,,18
Warren,HACKETTSTOWN 7,U.S. House,5,Under Votes,,11
Warren,HARDWICK,U.S. House,5,Under Votes,,13
Warren,HOPE 1,U.S. House,5,Under Votes,,8
Warren,HOPE 2,U.S. House,5,Under Votes,,14
Warren,INDEPENDENCE 1,U.S. House,5,Under Votes,,8
Warren,INDEPENDENCE 2,U.S. House,5,Under Votes,,15
Warren,INDEPENDENCE 3,U.S. House,5,Under Votes,,9
Warren,INDEPENDENCE 4,U.S. House,5,Under Votes,,14
Warren,KNOWLTON 1,U.S. House,5,Under Votes,,13
Warren,KNOWLTON 2,U.S. House,5,Under Votes,,8
Warren,LIBERTY 1,U.S. House,5,Under Votes,,11
Warren,LIBERTY 2,U.S. House,5,Under Votes,,17
Warren,MANSFIELD 1,U.S. House,5,Under Votes,,12
Warren,MANSFIELD 2,U.S. House,5,Under Votes,,7
Warren,MANSFIELD 3,U.S. House,5,Under Votes,,16
Warren,MANSFIELD 4,U.S. House,5,Under Votes,,12
Warren,MANSFIELD 5,U.S. House,5,Under Votes,,12
Warren,MANSFIELD 6,U.S. House,5,Under Votes,,14
Warren,OXFORD 1,U.S. House,5,Under Votes,,8
Warren,OXFORD 2,U.S. House,5,Under Votes,,5
Warren,WASHINGTON BOROUGH 1,U.S. House,5,Under Votes,,14
Warren,WASHINGTON BOROUGH 2,U.S. House,5,Under Votes,,30
Warren,WASHINGTON BOROUGH 3,U.S. House,5,Under Votes,,13
Warren,WASHINGTON BOROUGH 4,U.S. House,5,Under Votes,,7
Warren,WASHINGTON TOWNSHIP 1,U.S. House,5,Under Votes,,21
Warren,WASHINGTON TOWNSHIP 2,U.S. House,5,Under Votes,,7
Warren,WASHINGTON TOWNSHIP 3,U.S. House,5,Under Votes,,14
Warren,WASHINGTON TOWNSHIP 4,U.S. House,5,Under Votes,,9
Warren,WASHINGTON TOWNSHIP 5,U.S. House,5,Under Votes,,12
Warren,WASHINGTON TOWNSHIP 6,U.S. House,5,Under Votes,,13
Warren,WHITE 1,U.S. House,5,Under Votes,,7
Warren,WHITE 2,U.S. House,5,Under Votes,,17
Warren,WHITE 3,U.S. House,5,Under Votes,,12
Warren,WHITE 4,U.S. House,5,Under Votes,,7
Warren,WHITE 5,U.S. House,5,Under Votes,,3
Warren,WHITE 6,U.S. House,5,Under Votes,,7
Warren,Total,U.S. House,7,Under Votes,,638
Warren,ALPHA 1,U.S. House,7,Tom MALINOWSKI,,189
Warren,ALPHA 2,U.S. House,7,Tom MALINOWSKI,,163
Warren,FRANKLIN 1,U.S. House,7,Tom MALINOWSKI,,136
Warren,FRANKLIN 2,U.S. House,7,Tom MALINOWSKI,,168
Warren,FRANKLIN 3,U.S. House,7,Tom MALINOWSKI,,88
Warren,GREENWICH 1,U.S. House,7,Tom MALINOWSKI,,188
Warren,GREENWICH 2,U.S. House,7,Tom MALINOWSKI,,205
Warren,GREENWICH 3,U.S. House,7,Tom MALINOWSKI,,224
Warren,GREENWICH 4,U.S. House,7,Tom MALINOWSKI,,341
Warren,HARMONY 1,U.S. House,7,Tom MALINOWSKI,,151
Warren,HARMONY 2,U.S. House,7,Tom MALINOWSKI,,196
Warren,LOPATCONG 1,U.S. House,7,Tom MALINOWSKI,,147
Warren,LOPATCONG 2,U.S. House,7,Tom MALINOWSKI,,210
Warren,LOPATCONG 3,U.S. House,7,Tom MALINOWSKI,,247
Warren,LOPATCONG 4,U.S. House,7,Tom MALINOWSKI,,226
Warren,LOPATCONG 5,U.S. House,7,Tom MALINOWSKI,,129
Warren,LOPATCONG 6,U.S. House,7,Tom MALINOWSKI,,263
Warren,LOPATCONG 7,U.S. House,7,Tom MALINOWSKI,,253
Warren,PHILLIPSBURG 1-1,U.S. House,7,Tom MALINOWSKI,,178
Warren,PHILLIPSBURG 2-1,U.S. House,7,Tom MALINOWSKI,,137
Warren,PHILLIPSBURG 3-1,U.S. House,7,Tom MALINOWSKI,,138
Warren,PHILLIPSBURG 4-1,U.S. House,7,Tom MALINOWSKI,,206
Warren,PHILLIPSBURG 5-1,U.S. House,7,Tom MALINOWSKI,,178
Warren,PHILLIPSBURG 5-2,U.S. House,7,Tom MALINOWSKI,,152
Warren,PHILLIPSBURG 6-1,U.S. House,7,Tom MALINOWSKI,,261
Warren,PHILLIPSBURG 6-2,U.S. House,7,Tom MALINOWSKI,,218
Warren,PHILLIPSBURG 7-1,U.S. House,7,Tom MALINOWSKI,,177
Warren,PHILLIPSBURG 7-2,U.S. House,7,Tom MALINOWSKI,,124
Warren,PHILLIPSBURG 7-3,U.S. House,7,Tom MALINOWSKI,,142
Warren,POHATCONG 1,U.S. House,7,Tom MALINOWSKI,,131
Warren,POHATCONG 2,U.S. House,7,Tom MALINOWSKI,,128
Warren,POHATCONG 3,U.S. House,7,Tom MALINOWSKI,,101
Warren,POHATCONG 4,U.S. House,7,Tom MALINOWSKI,,106
Warren,Total,U.S. House,7,Tom MALINOWSKI,,5901
Warren,ALPHA 1,U.S. House,7,Leonard LANCE,,259
Warren,ALPHA 2,U.S. House,7,Leonard LANCE,,233
Warren,FRANKLIN 1,U.S. House,7,Leonard LANCE,,269
Warren,FRANKLIN 2,U.S. House,7,Leonard LANCE,,347
Warren,FRANKLIN 3,U.S. House,7,Leonard LANCE,,232
Warren,GREENWICH 1,U.S. House,7,Leonard LANCE,,294
Warren,GREENWICH 2,U.S. House,7,Leonard LANCE,,369
Warren,GREENWICH 3,U.S. House,7,Leonard LANCE,,272
Warren,GREENWICH 4,U.S. House,7,Leonard LANCE,,283
Warren,HARMONY 1,U.S. House,7,Leonard LANCE,,289
Warren,HARMONY 2,U.S. House,7,Leonard LANCE,,405
Warren,LOPATCONG 1,U.S. House,7,Leonard LANCE,,243
Warren,LOPATCONG 2,U.S. House,7,Leonard LANCE,,246
Warren,LOPATCONG 3,U.S. House,7,Leonard LANCE,,341
Warren,LOPATCONG 4,U.S. House,7,Leonard LANCE,,216
Warren,LOPATCONG 5,U.S. House,7,Leonard LANCE,,246
Warren,LOPATCONG 6,U.S. House,7,Leonard LANCE,,151
Warren,LOPATCONG 7,U.S. House,7,Leonard LANCE,,319
Warren,PHILLIPSBURG 1-1,U.S. House,7,Leonard LANCE,,166
Warren,PHILLIPSBURG 2-1,U.S. House,7,Leonard LANCE,,104
Warren,PHILLIPSBURG 3-1,U.S. House,7,Leonard LANCE,,119
Warren,PHILLIPSBURG 4-1,U.S. House,7,Leonard LANCE,,199
Warren,PHILLIPSBURG 5-1,U.S. House,7,Leonard LANCE,,143
Warren,PHILLIPSBURG 5-2,U.S. House,7,Leonard LANCE,,142
Warren,PHILLIPSBURG 6-1,U.S. House,7,Leonard LANCE,,244
Warren,PHILLIPSBURG 6-2,U.S. House,7,Leonard LANCE,,150
Warren,PHILLIPSBURG 7-1,U.S. House,7,Leonard LANCE,,116
Warren,PHILLIPSBURG 7-2,U.S. House,7,Leonard LANCE,,134
Warren,PHILLIPSBURG 7-3,U.S. House,7,Leonard LANCE,,121
Warren,POHATCONG 1,U.S. House,7,Leonard LANCE,,187
Warren,POHATCONG 2,U.S. House,7,Leonard LANCE,,220
Warren,POHATCONG 3,U.S. House,7,Leonard LANCE,,169
Warren,POHATCONG 4,U.S. House,7,Leonard LANCE,,171
Warren,Total,U.S. House,7,Leonard LANCE,,7399
Warren,ALPHA 1,U.S. House,7,Diane MOXLEY,,5
Warren,ALPHA 2,U.S. House,7,Diane MOXLEY,,6
Warren,FRANKLIN 1,U.S. House,7,Diane MOXLEY,,12
Warren,FRANKLIN 2,U.S. House,7,Diane MOXLEY,,8
Warren,FRANKLIN 3,U.S. House,7,Diane MOXLEY,,3
Warren,GREENWICH 1,U.S. House,7,Diane MOXLEY,,8
Warren,GREENWICH 2,U.S. House,7,Diane MOXLEY,,1
Warren,GREENWICH 3,U.S. House,7,Diane MOXLEY,,3
Warren,GREENWICH 4,U.S. House,7,Diane MOXLEY,,4
Warren,HARMONY 1,U.S. House,7,Diane MOXLEY,,7
Warren,HARMONY 2,U.S. House,7,Diane MOXLEY,,10
Warren,LOPATCONG 1,U.S. House,7,Diane MOXLEY,,7
Warren,LOPATCONG 2,U.S. House,7,Diane MOXLEY,,3
Warren,LOPATCONG 3,U.S. House,7,Diane MOXLEY,,6
Warren,LOPATCONG 4,U.S. House,7,Diane MOXLEY,,6
Warren,LOPATCONG 5,U.S. House,7,Diane MOXLEY,,5
Warren,LOPATCONG 6,U.S. House,7,Diane MOXLEY,,3
Warren,LOPATCONG 7,U.S. House,7,Diane MOXLEY,,13
Warren,PHILLIPSBURG 1-1,U.S. House,7,Diane MOXLEY,,10
Warren,PHILLIPSBURG 2-1,U.S. House,7,Diane MOXLEY,,7
Warren,PHILLIPSBURG 3-1,U.S. House,7,Diane MOXLEY,,2
Warren,PHILLIPSBURG 4-1,U.S. House,7,Diane MOXLEY,,7
Warren,PHILLIPSBURG 5-1,U.S. House,7,Diane MOXLEY,,6
Warren,PHILLIPSBURG 5-2,U.S. House,7,Diane MOXLEY,,6
Warren,PHILLIPSBURG 6-1,U.S. House,7,Diane MOXLEY,,12
Warren,PHILLIPSBURG 6-2,U.S. House,7,Diane MOXLEY,,7
Warren,PHILLIPSBURG 7-1,U.S. House,7,Diane MOXLEY,,4
Warren,PHILLIPSBURG 7-2,U.S. House,7,Diane MOXLEY,,3
Warren,PHILLIPSBURG 7-3,U.S. House,7,Diane MOXLEY,,2
Warren,POHATCONG 1,U.S. House,7,Diane MOXLEY,,8
Warren,POHATCONG 2,U.S. House,7,Diane MOXLEY,,5
Warren,POHATCONG 3,U.S. House,7,Diane MOXLEY,,0
Warren,POHATCONG 4,U.S. House,7,Diane MOXLEY,,5
Warren,Total,U.S. House,7,Diane MOXLEY,,194
Warren,ALPHA 1,U.S. House,7,Gregg MELE,,5
Warren,ALPHA 2,U.S. House,7,Gregg MELE,,5
Warren,FRANKLIN 1,U.S. House,7,Gregg MELE,,1
Warren,FRANKLIN 2,U.S. House,7,Gregg MELE,,7
Warren,FRANKLIN 3,U.S. House,7,Gregg MELE,,1
Warren,GREENWICH 1,U.S. House,7,Gregg MELE,,11
Warren,GREENWICH 2,U.S. House,7,Gregg MELE,,1
Warren,GREENWICH 3,U.S. House,7,Gregg MELE,,0
Warren,GREENWICH 4,U.S. House,7,Gregg MELE,,3
Warren,HARMONY 1,U.S. House,7,Gregg MELE,,12
Warren,HARMONY 2,U.S. House,7,Gregg MELE,,3
Warren,LOPATCONG 1,U.S. House,7,Gregg MELE,,7
Warren,LOPATCONG 2,U.S. House,7,Gregg MELE,,7
Warren,LOPATCONG 3,U.S. House,7,Gregg MELE,,5
Warren,LOPATCONG 4,U.S. House,7,Gregg MELE,,6
Warren,LOPATCONG 5,U.S. House,7,Gregg MELE,,4
Warren,LOPATCONG 6,U.S. House,7,Gregg MELE,,2
Warren,LOPATCONG 7,U.S. House,7,Gregg MELE,,4
Warren,PHILLIPSBURG 1-1,U.S. House,7,Gregg MELE,,0
Warren,PHILLIPSBURG 2-1,U.S. House,7,Gregg MELE,,2
Warren,PHILLIPSBURG 3-1,U.S. House,7,Gregg MELE,,1
Warren,PHILLIPSBURG 4-1,U.S. House,7,Gregg MELE,,6
Warren,PHILLIPSBURG 5-1,U.S. House,7,Gregg MELE,,2
Warren,PHILLIPSBURG 5-2,U.S. House,7,Gregg MELE,,3
Warren,PHILLIPSBURG 6-1,U.S. House,7,Gregg MELE,,2
Warren,PHILLIPSBURG 6-2,U.S. House,7,Gregg MELE,,7
Warren,PHILLIPSBURG 7-1,U.S. House,7,Gregg MELE,,2
Warren,PHILLIPSBURG 7-2,U.S. House,7,Gregg MELE,,5
Warren,PHILLIPSBURG 7-3,U.S. House,7,Gregg MELE,,1
Warren,POHATCONG 1,U.S. House,7,Gregg MELE,,3
Warren,POHATCONG 2,U.S. House,7,Gregg MELE,,5
Warren,POHATCONG 3,U.S. House,7,Gregg MELE,,2
Warren,POHATCONG 4,U.S. House,7,Gregg MELE,,3
Warren,Total,U.S. House,7,Gregg MELE,,128
Warren,ALPHA 1,U.S. House,7,Write-In,,0
Warren,ALPHA 2,U.S. House,7,Write-In,,1
Warren,FRANKLIN 1,U.S. House,7,Write-In,,0
Warren,FRANKLIN 2,U.S. House,7,Write-In,,0
Warren,FRANKLIN 3,U.S. House,7,Write-In,,0
Warren,GREENWICH 1,U.S. House,7,Write-In,,0
Warren,GREENWICH 2,U.S. House,7,Write-In,,2
Warren,GREENWICH 3,U.S. House,7,Write-In,,0
Warren,GREENWICH 4,U.S. House,7,Write-In,,0
Warren,HARMONY 1,U.S. House,7,Write-In,,0
Warren,HARMONY 2,U.S. House,7,Write-In,,1
Warren,LOPATCONG 1,U.S. House,7,Write-In,,0
Warren,LOPATCONG 2,U.S. House,7,Write-In,,0
Warren,LOPATCONG 3,U.S. House,7,Write-In,,0
Warren,LOPATCONG 4,U.S. House,7,Write-In,,0
Warren,LOPATCONG 5,U.S. House,7,Write-In,,1
Warren,LOPATCONG 6,U.S. House,7,Write-In,,0
Warren,LOPATCONG 7,U.S. House,7,Write-In,,0
Warren,PHILLIPSBURG 1-1,U.S. House,7,Write-In,,0
Warren,PHILLIPSBURG 2-1,U.S. House,7,Write-In,,0
Warren,PHILLIPSBURG 3-1,U.S. House,7,Write-In,,0
Warren,PHILLIPSBURG 4-1,U.S. House,7,Write-In,,0
Warren,PHILLIPSBURG 5-1,U.S. House,7,Write-In,,0
Warren,PHILLIPSBURG 5-2,U.S. House,7,Write-In,,0
Warren,PHILLIPSBURG 6-1,U.S. House,7,Write-In,,0
Warren,PHILLIPSBURG 6-2,U.S. House,7,Write-In,,0
Warren,PHILLIPSBURG 7-1,U.S. House,7,Write-In,,0
Warren,PHILLIPSBURG 7-2,U.S. House,7,Write-In,,0
Warren,PHILLIPSBURG 7-3,U.S. House,7,Write-In,,0
Warren,POHATCONG 1,U.S. House,7,Write-In,,0
Warren,POHATCONG 2,U.S. House,7,Write-In,,0
Warren,POHATCONG 3,U.S. House,7,Write-In,,0
Warren,POHATCONG 4,U.S. House,7,Write-In,,0
Warren,Total,U.S. House,7,Write-In,,5
Warren,ALPHA 1,U.S. House,7,Over Vote,,0
Warren,ALPHA 2,U.S. House,7,Over Vote,,0
Warren,FRANKLIN 1,U.S. House,7,Over Vote,,0
Warren,FRANKLIN 2,U.S. House,7,Over Vote,,0
Warren,FRANKLIN 3,U.S. House,7,Over Vote,,0
Warren,GREENWICH 1,U.S. House,7,Over Vote,,0
Warren,GREENWICH 2,U.S. House,7,Over Vote,,0
Warren,GREENWICH 3,U.S. House,7,Over Vote,,1
Warren,GREENWICH 4,U.S. House,7,Over Vote,,0
Warren,HARMONY 1,U.S. House,7,Over Vote,,0
Warren,HARMONY 2,U.S. House,7,Over Vote,,0
Warren,LOPATCONG 1,U.S. House,7,Over Vote,,1
Warren,LOPATCONG 2,U.S. House,7,Over Vote,,1
Warren,LOPATCONG 3,U.S. House,7,Over Vote,,0
Warren,LOPATCONG 4,U.S. House,7,Over Vote,,0
Warren,LOPATCONG 5,U.S. House,7,Over Vote,,0
Warren,LOPATCONG 6,U.S. House,7,Over Vote,,1
Warren,LOPATCONG 7,U.S. House,7,Over Vote,,1
Warren,PHILLIPSBURG 1-1,U.S. House,7,Over Vote,,0
Warren,PHILLIPSBURG 2-1,U.S. House,7,Over Vote,,0
Warren,PHILLIPSBURG 3-1,U.S. House,7,Over Vote,,0
Warren,PHILLIPSBURG 4-1,U.S. House,7,Over Vote,,0
Warren,PHILLIPSBURG 5-1,U.S. House,7,Over Vote,,0
Warren,PHILLIPSBURG 5-2,U.S. House,7,Over Vote,,1
Warren,PHILLIPSBURG 6-1,U.S. House,7,Over Vote,,0
Warren,PHILLIPSBURG 6-2,U.S. House,7,Over Vote,,0
Warren,PHILLIPSBURG 7-1,U.S. House,7,Over Vote,,0
Warren,PHILLIPSBURG 7-2,U.S. House,7,Over Vote,,0
Warren,PHILLIPSBURG 7-3,U.S. House,7,Over Vote,,0
Warren,POHATCONG 1,U.S. House,7,Over Vote,,0
Warren,POHATCONG 2,U.S. House,7,Over Vote,,0
Warren,POHATCONG 3,U.S. House,7,Over Vote,,0
Warren,POHATCONG 4,U.S. House,7,Over Vote,,0
Warren,Total,U.S. House,7,Over Vote,,6
Warren,ALPHA 1,U.S. House,7,Undervotes,,21
Warren,ALPHA 2,U.S. House,7,Undervotes,,20
Warren,FRANKLIN 1,U.S. House,7,Undervotes,,8
Warren,FRANKLIN 2,U.S. House,7,Undervotes,,8
Warren,FRANKLIN 3,U.S. House,7,Undervotes,,8
Warren,GREENWICH 1,U.S. House,7,Undervotes,,10
Warren,GREENWICH 2,U.S. House,7,Undervotes,,14
Warren,GREENWICH 3,U.S. House,7,Undervotes,,14
Warren,GREENWICH 4,U.S. House,7,Undervotes,,18
Warren,HARMONY 1,U.S. House,7,Undervotes,,8
Warren,HARMONY 2,U.S. House,7,Undervotes,,16
Warren,LOPATCONG 1,U.S. House,7,Undervotes,,18
Warren,LOPATCONG 2,U.S. House,7,Undervotes,,11
Warren,LOPATCONG 3,U.S. House,7,Undervotes,,17
Warren,LOPATCONG 4,U.S. House,7,Undervotes,,13
Warren,LOPATCONG 5,U.S. House,7,Undervotes,,15
Warren,LOPATCONG 6,U.S. House,7,Undervotes,,16
Warren,LOPATCONG 7,U.S. House,7,Undervotes,,18
Warren,PHILLIPSBURG 1-1,U.S. House,7,Undervotes,,15
Warren,PHILLIPSBURG 2-1,U.S. House,7,Undervotes,,14
Warren,PHILLIPSBURG 3-1,U.S. House,7,Undervotes,,21
Warren,PHILLIPSBURG 4-1,U.S. House,7,Undervotes,,19
Warren,PHILLIPSBURG 5-1,U.S. House,7,Undervotes,,15
Warren,PHILLIPSBURG 5-2,U.S. House,7,Undervotes,,19
Warren,PHILLIPSBURG 6-1,U.S. House,7,Undervotes,,12
Warren,PHILLIPSBURG 6-2,U.S. House,7,Undervotes,,5
Warren,PHILLIPSBURG 7-1,U.S. House,7,Undervotes,,7
Warren,PHILLIPSBURG 7-2,U.S. House,7,Undervotes,,6
Warren,PHILLIPSBURG 7-3,U.S. House,7,Undervotes,,14
Warren,POHATCONG 1,U.S. House,7,Undervotes,,16
Warren,POHATCONG 2,U.S. House,7,Undervotes,,22
Warren,POHATCONG 3,U.S. House,7,Undervotes,,9
Warren,POHATCONG 4,U.S. House,7,Undervotes,,6
,Total,,,Undervotes,,453
